Hospital,Sim City,Patients,Total Billed,Billed per Patient,Billed per Encounter,Encounters per Patient,Rank by Total,Rank by Cost per Patient
"San Francisco Vet Center (San Francisco, CA)",SAN FRANCISCO,1091,157563876,144422,2926,49.4,162,1
"Auburn Gresham (Chicago) Clinic (Chicago, IL)",CHICAGO,1395,181473588,130089,2703,48.1,145,2
"Jesse Brown VA Medical Center (Chicago, IL)",CHICAGO,2048,263986062,128899,2593,49.7,98,3
"Lakeside Clinic (Chicago, IL)",CHICAGO,1505,193508607,128577,2607,49.3,134,4
"Evanston Vet Center (Evanston, IL)",CHICAGO,1546,194557109,125845,2686,46.9,133,5
"John D. Dingell VA Medical Center (Detroit, MI)",DETROIT,1012,122218789,120770,2240,53.9,189,6
"Parma Vet Center (Parma, OH)",CLEVELAND,2028,239766696,118228,2168,54.5,107,7
"Cleveland Vet Center (Maple Heights, OH)",CLEVELAND,3321,367159858,110557,2077,53.2,68,8
"Parma Community Based Outpatient Clinic (Parma, OH)",CLEVELAND,1002,107313095,107099,1978,54.1,208,9
"LUCY WEBB HAYES NATIONAL TRAINING SCHOOL FOR DEACONESSES & MISSIONARIE (WASHINGTON, DC)",WASHINGTON DC,2202,188574686,85638,4539,18.9,138,10
"MEDSTAR NATIONAL REHABILITATION HOSPITAL (WASHINGTON, DC)",WASHINGTON DC,8628,736578718,85371,4440,19.2,22,11
"AHMC SETON MEDICAL CENTER LLC (DALY CITY, CA)",SAN FRANCISCO,4312,364084137,84435,4243,19.9,70,12
"KENTFIELD HOSPITAL (SAN FRANCISCO, CA)",SAN FRANCISCO,1760,148533383,84394,4498,18.8,170,13
"CHILDRENS HOSPITAL (WASHINGTON, DC)",WASHINGTON DC,2104,177181551,84212,4699,17.9,152,14
"NOT-FOR-PROFIT HOSPITAL CORPORATION (WASHINGTON, DC)",WASHINGTON DC,2700,226463200,83875,4282,19.6,115,15
"PACIFIC HEIGHTS SURGERY CENTER OF SAN FRANCISCO LP (SAN FRANCISCO, CA)",SAN FRANCISCO,6556,549345997,83793,4374,19.2,35,16
"BRIDGEPOINT HOSPITAL CAPITOL HILL (WASHINGTON, DC)",WASHINGTON DC,11078,925170684,83514,4308,19.4,13,17
"HEBREW HOME FOR AGED DISABLED (SAN FRANCISCO, CA)",SAN FRANCISCO,8081,674617600,83482,4318,19.3,26,18
"SAN FRANCISCO SURGERY CENTER  LP (SAN FRANCISCO, CA)",SAN FRANCISCO,5252,428851461,81655,4416,18.5,51,19
"UNIVERSITY COMMUNITY HOSPITAL INC (TAMPA, FL)",TAMPA,4007,325662448,81273,4028,20.2,79,20
"HOWARD UNIVERSITY HOSPITAL (WASHINGTON, DC)",WASHINGTON DC,4330,351374528,81149,4248,19.1,74,21
"CHINESE HOSPITAL (SAN FRANCISCO, CA)",SAN FRANCISCO,11555,934484075,80873,4293,18.8,12,22
"PSYCHIATRIC INSTITUTE OF WASHINGTON (WASHINGTON, DC)",WASHINGTON DC,7166,576403781,80436,4280,18.8,33,23
"DEPARTMENT OF BEHAVIORAL HEALTH - ST ELIZABETHS HOSPITAL (WASHINGTON, DC)",WASHINGTON DC,7059,565099840,80054,4350,18.4,34,24
"UNIVERSITY OF CALIFORNIA SAN FRANCISCO (SAN FRANCISCO, CA)",SAN FRANCISCO,5363,427309845,79677,4231,18.8,53,25
"STEWARD CGH INC (CORAL GABLES, FL)",MIAMI,5223,413809226,79228,4000,19.8,56,26
"ENCOMPASS HEALTH REHABILITATION HOSPITAL OF NORTH TAMPA  LLC (LUTZ, FL)",TAMPA,1372,108146964,78824,3811,20.7,206,27
"DISTRICT HOSPITAL PARTNERS L P (WASHINGTON, DC)",WASHINGTON DC,4489,352820183,78597,4383,17.9,73,28
"STEWARD NSMC INC (MIAMI, FL)",MIAMI,2487,194816515,78334,3935,19.9,132,29
"SUTTER BAY HOSPITALS (SAN FRANCISCO, CA)",SAN FRANCISCO,6260,489024422,78119,4304,18.2,42,30
"MIAMI JEWISH HEALTH SYSTEMS INC (MIAMI, FL)",MIAMI,5352,417353606,77981,4211,18.5,55,31
"TRANSITIONAL HOSPITALS OF TAMPA LLC (TAMPA, FL)",TAMPA,2286,177131638,77485,3994,19.4,153,32
"KINDRED HOSPITALS EAST LLC (TAMPA, FL)",TAMPA,5203,397740815,76445,4230,18.1,59,33
"BIOSPINE LLC (TAMPA, FL)",TAMPA,3850,294279252,76436,4089,18.7,87,34
"HCA FLORIDA BRANDON HOSPITAL (TEMPLE TERRACE, FL)",TAMPA,6239,476060988,76304,4001,19.1,43,35
"STEWARD HH  INC. (HIALEAH, FL)",MIAMI,2888,219348652,75952,3928,19.3,121,36
"MIAMI MEDICAL CENTER  THE (MIAMI, FL)",MIAMI,2478,187637670,75721,3805,19.9,140,37
"ST CATHERINE'S REHABILITATION HOSPITAL (NORTH MIAMI, FL)",MIAMI,1146,86432297,75421,3468,21.7,240,38
"LARKIN COMMUNITY HOSPITAL INC (SOUTH MIAMI, FL)",MIAMI,1945,145804511,74964,3757,20.0,171,39
"JOHNS HOPKINS UNIVERSITY (WASHINGTON, DC)",WASHINGTON DC,9768,718909011,73598,4436,16.6,23,40
"LAKEWAY COMPLETE CARE LLC (LAKEWAY, TX)",AUSTIN,2243,164014505,73123,4145,17.6,159,41
"PLANTATION GENERAL HOSPITAL LP (MIAMI, FL)",MIAMI,6728,491574885,73064,3682,19.8,40,42
"TAMPA GENERAL HOSPITAL (TAMPA, FL)",TAMPA,3040,220593954,72564,4198,17.3,120,43
"USA EMERGENCY CENTERS - SOUTH AUSTIN LLC (AUSTIN, TX)",AUSTIN,1691,119228480,70508,3978,17.7,192,44
"ST DAVIDS HEALTHCARE PARTNERSHIP LP LLP (AUSTIN, TX)",AUSTIN,3614,253512011,70147,4006,17.5,101,45
"CEDAR PARK REGIONAL MEDICAL CENTER (LEANDER, TX)",AUSTIN,2155,150312459,69751,4219,16.5,169,46
"ADVENTHEALTH CARROLLWOOD (TAMPA, FL)",TAMPA,5486,381675282,69573,4199,16.6,62,47
"AUSTIN EMERGENCY CENTER LLC (AUSTIN, TX)",AUSTIN,2843,195520187,68772,4182,16.4,131,48
"BOTSFORD GENERAL HOSPITAL (FARMINGTON HILLS, MI)",DETROIT,2431,167096330,68736,3429,20.0,157,49
"LIFECARE 2.2  LLC (PITTSBURGH, PA)",PITTSBURGH,1585,108461497,68430,3205,21.3,205,50
"WESTLAKE COMPLETE CARE  LLC (AUSTIN, TX)",AUSTIN,1570,107348774,68375,3866,17.7,207,51
"BAYLOR SCOTT & WHITE MEDICAL CENTERS - CAPITOL AREA (AUSTIN, TX)",AUSTIN,2272,154745096,68110,4200,16.2,166,52
"PLAINS ER MANAGEMENT AUSTIN LTD (AUSTIN, TX)",AUSTIN,7506,508690613,67771,4072,16.6,39,53
"ENCOMPASS HEALTH REHABILITATION HOSPITAL OF AUSTIN (AUSTIN, TX)",AUSTIN,2508,169255530,67486,4158,16.2,156,54
"AUSTIN LAKES HOSPITAL (AUSTIN, TX)",AUSTIN,1764,118944477,67429,4170,16.2,196,55
"AUSTIN BEHAVIORAL HOSPITAL LLC (AUSTIN, TX)",AUSTIN,4414,296122022,67087,3866,17.4,85,56
"LAKE TRAVIS ER  LLC (AUSTIN, TX)",AUSTIN,4016,268871574,66950,3783,17.7,94,57
"ST DAVID'S SOUTH AUSTIN MEDICAL CENTER (BEE CAVE, TX)",AUSTIN,5752,384679797,66878,3992,16.8,61,58
"ASCENSION SETON NORTHWEST (AUSTIN, TX)",AUSTIN,3616,241628628,66822,4039,16.5,106,59
"BAYLOR SCOTT & WHITE MEDICAL CENTERS - CAPITOL AREA (BUDA, TX)",AUSTIN,3276,218855515,66806,3865,17.3,122,60
"SOUTH AUSTIN EMERGENCY CENTER  LLC (AUSTIN, TX)",AUSTIN,4749,317120687,66776,3982,16.8,81,61
"BAYLOR SCOTT & WHITE MEDICAL CENTERS - CAPITOL AREA (PFLUGERVILLE, TX)",AUSTIN,2092,139623149,66741,3823,17.5,174,62
"NORTHWEST HILLS SURGICAL HOSPITAL (AUSTIN, TX)",AUSTIN,1349,89973340,66696,3733,17.9,231,63
"JEFFERSON REGIONAL MEDICAL CENTER (JEFFERSON HILLS, PA)",PITTSBURGH,1513,100880253,66676,3228,20.7,219,64
"VHS DETROIT RECEIVING HOSPITAL INC (DETROIT, MI)",DETROIT,4996,332572385,66568,3358,19.8,78,65
"NEW ENGLAND BAPTIST HOSPITAL (DEDHAM, MA)",BOSTON,1657,109538575,66107,3482,19.0,203,66
"COMMON SENSE CARE LLC (CEDAR PARK, TX)",AUSTIN,1353,89404363,66079,3725,17.7,233,67
"ASCENSION SETON (AUSTIN, TX)",AUSTIN,15644,1032416759,65994,4028,16.4,10,68
"JACKSON PARK HOSPITAL FOUNDATION (CHICAGO, IL)",CHICAGO,3512,231360756,65877,3460,19.0,111,69
"KINDRED CHICAGO NORTHLAKE  LLC (NORTHLAKE, IL)",CHICAGO,6990,460440195,65871,3518,18.7,45,70
"USA EMERGENCY CENTERS - BURNET  LLC (AUSTIN, TX)",AUSTIN,1916,126060431,65794,3990,16.5,185,71
"LORETTO HOSPITAL (CHICAGO, IL)",CHICAGO,4131,271350983,65687,3466,19.0,93,72
"LAKELINE EMERGENCY CENTER  LLC (CEDAR PARK, TX)",AUSTIN,1988,130473636,65631,3843,17.1,181,73
"BCA STONECREST CENTER (DETROIT, MI)",DETROIT,2874,188545507,65604,3094,21.2,139,74
"GEORGE WASHINGTON UNIV HOSPITAL (WASHINGTON, DC)",WASHINGTON DC,9363,611828975,65345,4110,15.9,28,75
"PRESENCE SAINT JOSEPH HOSPITAL - CHICAGO (CHICAGO, IL)",CHICAGO,10463,681847985,65168,3410,19.1,25,76
"ADVOCATE HEALTH AND HOSPITALS CORPORATION (OAK LAWN, IL)",CHICAGO,6862,446959362,65135,3328,19.6,47,77
"2014 HEALTH LLC (DES PLAINES, IL)",CHICAGO,3256,211847324,65064,3384,19.2,127,78
"ROSELAND COMMUNITY HOSPITAL ASSOCIATION (CHICAGO, IL)",CHICAGO,12754,828713315,64977,3434,18.9,15,79
"INGALLS MEMORIAL HOSPITAL (HARVEY, IL)",CHICAGO,2793,180793970,64731,3226,20.1,147,80
"RUSH UNIVERSITY MEDICAL CENTER (OAK PARK, IL)",CHICAGO,1695,109432336,64562,3113,20.7,204,81
"SWEDISH COVENANT HEALTH (CHICAGO, IL)",CHICAGO,11459,738591486,64455,3549,18.2,21,82
"ST BERNARD HOSPITAL (CHICAGO, IL)",CHICAGO,9050,581924311,64301,3310,19.4,32,83
"THOREK MEMORIAL HOSPITAL (CHICAGO, IL)",CHICAGO,3924,252133556,64254,3543,18.1,103,84
"DETROIT RECEIVING HOSPITAL & UNIV HEALTH CENTER (DETROIT, MI)",DETROIT,7637,490309578,64202,3321,19.3,41,85
"PRESENCE SAINT FRANCIS HOSPITAL (SKOKIE, IL)",CHICAGO,5538,354936469,64091,3410,18.8,72,86
"CALIFORNIA PACIFIC MEDICAL CTR - ST. LUKE'S CAMPUS (SAN FRANCISCO, CA)",SAN FRANCISCO,5786,370232650,63988,4134,15.5,66,87
"KINDRED THC NORTH SHORE LLC (CHICAGO, IL)",CHICAGO,6646,424107186,63814,3458,18.5,54,88
"SOUTH SHORE HOSPITAL CORPORATION (CHICAGO, IL)",CHICAGO,7037,447813796,63637,3467,18.4,46,89
"ALEXIAN BROTHERS MEDICAL CENTER (ELK GROVE VILLAGE, IL)",CHICAGO,4216,267932670,63551,3460,18.4,95,90
"MADISON COMMUNITY HOSPITAL INC. (DETROIT, MI)",DETROIT,6479,411174667,63463,3207,19.8,58,91
"LARABIDA CHILDRENS HOSPITAL (CHICAGO, IL)",CHICAGO,4797,304226971,63420,3385,18.7,83,92
"VHS SINAI GRACE HOSPITAL INC (DETROIT, MI)",DETROIT,11025,698585312,63364,3151,20.1,24,93
"MOUNT AUBURN HOSPITAL (CAMBRIDGE, MA)",BOSTON,2053,129911071,63279,3280,19.3,182,94
"GARFIELD PARK HOSPITAL LLC (CHICAGO, IL)",CHICAGO,6824,431404241,63219,3492,18.1,50,95
"BETH ISRAEL DEACONESS HOSPITAL MILTON INC (MILTON, MA)",BOSTON,3796,239739423,63156,3571,17.7,108,96
"HOLY CROSS HOSPITAL (CHICAGO, IL)",CHICAGO,13101,826099118,63056,3289,19.2,16,97
"THE CHILDRENS HOME OF PITTSBURGH (PITTSBURGH, PA)",PITTSBURGH,1671,105349484,63046,2986,21.1,210,98
"UPMC PRESBYTERIAN SHADYSIDE (WILKINSBURG, PA)",PITTSBURGH,1894,118952885,62805,3237,19.4,195,99
"McCafferty Vet Center Outstation (Cleveland, OH)",CLEVELAND,3912,245581343,62776,2083,30.1,104,100
"GOTTLIEB COMMUNITY HEALTH SERVICES CORPORATION (BERWYN, IL)",CHICAGO,4715,295979563,62774,3357,18.7,86,101
"METHODIST HOSPITAL OF CHICAGO (CHICAGO, IL)",CHICAGO,3699,232114570,62751,3330,18.8,110,102
"JOHN H STROGER JR HOSPITAL (ROBBINS, IL)",CHICAGO,2659,166701810,62693,3249,19.3,158,103
"COMMUNITY FIRST MEDICAL CENTER (CHICAGO, IL)",CHICAGO,10257,642861929,62675,3483,18.0,27,104
"PIPELINE - WEISS MEMORIAL HOSPITAL  LLC (CHICAGO, IL)",CHICAGO,3060,191582955,62609,3197,19.6,136,105
"COOK COUNTY (CHICAGO, IL)",CHICAGO,6249,389973538,62406,3291,19.0,60,106
"NORTHSHORE UNIVERSITY HEALTHSYSTEM (EVANSTON, IL)",CHICAGO,2119,132103492,62342,3403,18.3,179,107
"NORTHWESTERN MEMORIAL HOSPITAL (CHICAGO, IL)",CHICAGO,13353,832296679,62330,3421,18.2,14,108
"RUSH UNIVERSITY MEDICAL CENTER (CHICAGO, IL)",CHICAGO,5847,364164910,62282,3239,19.2,69,109
"HUMBOLDT PARK HEALTH (CHICAGO, IL)",CHICAGO,5190,322906295,62217,3259,19.1,80,110
"VANDERBILT UNIVERSITY MEDICAL CENTER (NASHVILLE, TN)",NASHVILLE,1961,121783573,62103,2968,20.9,190,111
"ILLINOIS DEPARTMENT OF HUMAN SERVICES (CHICAGO, IL)",CHICAGO,5439,337622213,62074,3385,18.3,77,112
"SWEDISH HOSPITAL (NILES, IL)",CHICAGO,4662,288631780,61912,3420,18.1,90,113
"SAINT ANTHONY HOSPITAL (CHICAGO, IL)",CHICAGO,9826,608300576,61907,3421,18.1,30,114
"FRANCISCAN HOSPITAL FOR CHILDREN INC (BOSTON, MA)",BOSTON,4171,257757348,61797,3364,18.4,100,115
"HENRY FORD HEALTH SYSTEM (FERNDALE, MI)",DETROIT,3723,229990284,61776,3054,20.2,112,116
"DIGNITY HEALTH (SAN FRANCISCO, CA)",SAN FRANCISCO,3838,236990995,61749,4377,14.1,109,117
"INSIGHT SURGICAL HOSPITAL (WARREN, MI)",DETROIT,2950,181541334,61539,3196,19.3,144,118
"STRAITH HOSPITAL FOR SPECIAL SURGERY (SOUTHFIELD, MI)",DETROIT,2129,130837611,61455,2858,21.5,180,119
"TUFTS MEDICAL CENTER  INC (BOSTON, MA)",BOSTON,6084,373490794,61389,3278,18.7,65,120
"BOSTON MEDICAL CENTER CORPORATION- (WINTHROP, MA)",BOSTON,7726,472588706,61169,3550,17.2,44,121
"LEMUEL SHATTUCK HOSPITAL (JAMAICA PLAIN, MA)",BOSTON,6052,369652400,61079,3228,18.9,67,122
"Austin Outpatient Clinic (Austin, TX)",AUSTIN,1808,110383089,61053,2771,22.0,201,123
"SPAULDING HOSPITAL FOR CONTINUING MED CARE-CAMB (CAMBRIDGE, MA)",BOSTON,3210,195542614,60917,3365,18.1,130,124
"TEXAS NEURO REHABILITATION CENTER (AUSTIN, TX)",AUSTIN,1593,96976377,60877,3562,17.1,225,125
"UNIVERSITY OF UTAH (SALT LAKE CITY, UT)",SALT LAKE CITY,5155,310318820,60198,3623,16.6,82,126
"SHRINERS HOSPITALS FOR CHILDREN (CHICAGO, IL)",CHICAGO,3286,197480717,60098,3425,17.5,129,127
"ST DAVID'S MEDICAL CENTER (WEST LAKE HILLS, TX)",AUSTIN,3001,180192651,60044,3943,15.2,149,128
"DR SOLOMON CARTER FULLER MENTAL HEALTH CENTER (BOSTON, MA)",BOSTON,10055,602516927,59922,3284,18.2,31,129
"SCHWAB REHABILITATION HOSPITAL (CHICAGO, IL)",CHICAGO,2528,151413360,59895,3180,18.8,168,130
"ST MARK'S HOSPITAL (WEST VALLEY, UT)",SALT LAKE CITY,1751,104706010,59798,4116,14.5,213,131
"CAMBRIDGE PUBLIC HEALTH COMMISSION (SOMERVILLE, MA)",BOSTON,3470,207279815,59735,3356,17.8,128,132
"SALT LAKE BEHAVIORAL HEALTH (SALT LAKE CITY, UT)",SALT LAKE CITY,1726,103089244,59727,3758,15.9,215,133
"ASCENSION PROVIDENCE HOSPITAL (SOUTHFIELD, MI)",DETROIT,1332,79475317,59666,3021,19.8,244,134
"THE SHRINERS HOSPITAL FOR CHILDREN (BOSTON, MA)",BOSTON,7463,442073619,59235,3443,17.2,48,135
"CUMBERLAND BEHAVIORAL HEALTH  LLC (NASHVILLE, TN)",NASHVILLE,6365,376851363,59207,3313,17.9,63,136
"WEST PENN ALLEGHENY HEALTH SYSTEM  INC. (PITTSBURGH, PA)",PITTSBURGH,1653,97563071,59022,3249,18.2,223,137
"STATE OF TENNESSEE (NASHVILLE, TN)",NASHVILLE,2019,119141161,59010,3157,18.7,193,138
"ENCOMPASS HEALTH REHABILITATION HOSPITAL OF FRANKL (FRANKLIN, TN)",NASHVILLE,1524,89716668,58869,3125,18.8,232,139
"SAINT THOMAS WEST HOSPITAL (NASHVILLE, TN)",NASHVILLE,9228,540162742,58535,3252,18.0,36,140
"SALT LAKE REGIONAL MEDICAL CENTER LP (SALT LAKE CITY, UT)",SALT LAKE CITY,3091,180777268,58485,3525,16.6,148,141
"HCA HEALTH SERVICES OF TENNESSEE  INC (HERMITAGE, TN)",NASHVILLE,2363,137741992,58291,3036,19.2,176,142
"VANDERBILT STALLWORTH REHABILITATION HOSPITAL LP (NASHVILLE, TN)",NASHVILLE,4457,258772044,58060,3290,17.6,99,143
"UPMC ST MARGARET (PITTSBURGH, PA)",PITTSBURGH,2684,155814376,58053,2898,20.0,164,144
"UPMC MERCY (PITTSBURGH, PA)",PITTSBURGH,3125,181127227,57961,3067,18.9,146,145
"ASCENSION SETON MEDICAL CENTER AUSTIN (AUSTIN, TX)",AUSTIN,2416,139931759,57919,3707,15.6,173,146
"MARIN GENERAL HOSPITAL (LARKSPUR, CA)",SAN FRANCISCO,1672,96716315,57845,4730,12.2,226,147
"MOUNT SINAI MEDICAL CENTER OF FLORIDA  INC (MIAMI BEACH, FL)",MIAMI,3733,215155904,57636,3936,14.6,125,148
"JORDAN VALLEY MEDICAL CENTER LP (WEST VALLEY CITY, UT)",SALT LAKE CITY,3247,186281504,57370,3684,15.6,141,149
"HARPER UNIVERSITY HOSPITAL (DETROIT, MI)",DETROIT,8957,513649399,57346,2978,19.3,38,150
"Austin Vet Center (Austin, TX)",AUSTIN,1838,104868285,57056,2375,24.0,212,151
"INTERNAL MEDICINE ASSOCIATES PLC (ORLANDO, FL)",MIAMI,2875,163826897,56983,6513,8.7,160,152
"HTI MEMORIAL HOSPITAL CORPORATION (MADISON, TN)",NASHVILLE,3931,222795592,56677,3221,17.6,119,153
"INTERNAL MEDICINE ASSOCIATES PLC (ORLANDO, FL)",TAMPA,2271,128523417,56593,7482,7.6,183,154
"TRISTAR STONECREST MEDICAL CENTER (SMYRNA, TN)",NASHVILLE,3416,193264619,56576,3073,18.4,135,155
"CITY & COUNTY OF SAN FRANCISCO (SAN FRANCISCO, CA)",SAN FRANCISCO,13954,784601419,56228,4386,12.8,19,156
"McCafferty Community Based Outpatient Clinic (Cleveland, OH)",CLEVELAND,3880,217697226,56108,1925,29.1,123,157
"LAGUNA HONDA HOSPITAL & REHABILITATION CENTER (SAN FRANCISCO, CA)",SAN FRANCISCO,7669,428633177,55892,4375,12.8,52,158
"CURAHEALTH NASHVILLE  LLC (NASHVILLE, TN)",NASHVILLE,4352,242598686,55744,3106,18.0,105,159
"CLEVELAND EAST VASCULAR CARE  LLC (BEACHWOOD, OH)",CLEVELAND,7807,435099921,55732,2676,20.8,49,160
"CLEVELAND CLINIC HEALTH SYSTEM - EAST REGION (MAYFIELD HTS, OH)",CLEVELAND,1804,100126277,55502,2793,19.9,221,161
"PRESENCE CHICAGO HOSPITALS NETWORK (CHICAGO, IL)",CHICAGO,14261,790727310,55447,3317,16.7,18,162
"CLEVELAND CLINIC HEALTH SYSTEM - EAST REGION (EUCLID, OH)",CLEVELAND,38107,2105342373,55248,2646,20.9,4,163
"SOUTHWEST GENERAL HEALTH CENTER (STRONGSVILLE, OH)",CLEVELAND,1079,59558848,55198,2650,20.8,268,164
"SELECT SPECIALTY HOSPITAL - CLEVELAND  LLC (CLEVELAND, OH)",CLEVELAND,24278,1336778280,55061,2602,21.2,7,165
"SOUTHWEST GENERAL HEALTH CENTER (MIDDLEBURG HEIGHTS, OH)",CLEVELAND,27746,1521326043,54830,2630,20.9,6,166
"ST VINCENT CHARITY MEDICAL CENTER (CLEVELAND, OH)",CLEVELAND,43254,2368623268,54761,2661,20.6,1,167
"PARMA COMMUNITY GENERAL HOSPITAL (SEVEN HILLS, OH)",CLEVELAND,13967,763671012,54677,2578,21.2,20,168
"HOLLYWOOD CROSS MEDICAL CLINIC (LOS ANGELES, CA)",SAN FRANCISCO,5303,289822732,54653,6933,7.9,88,169
"GRACE HOSPITAL (PARMA, OH)",CLEVELAND,20253,1106445511,54631,2658,20.6,8,170
"MARIN GENERAL HOSPITAL (GREENBRAE, CA)",SAN FRANCISCO,1690,91978046,54425,4331,12.6,228,171
"LUTHERAN HOSPITAL (CLEVELAND, OH)",CLEVELAND,36789,1990451710,54105,2601,20.8,5,172
"NEW MANNA CLG LLC (BEACHWOOD, OH)",CLEVELAND,5291,285819358,54020,2563,21.1,91,173
"SELECT SPECIALTY HOSPITAL-MIAMI (MIAMI, FL)",MIAMI,6438,347586579,53990,3915,13.8,75,174
"CLEVELAND CLINIC HEALTH SYSTEM - EAST REGION (WARRENSVILLE HEIGHTS, OH)",CLEVELAND,9848,528342290,53650,2582,20.8,37,175
"UNIVERSITY HOSPITALS CLEVELAND MEDICAL CENTER (CLEVELAND, OH)",CLEVELAND,42505,2261695547,53210,2570,20.7,2,176
"PARMA COMMUNITY GENERAL HOSPITAL ASSOCIATION (PARMA, OH)",CLEVELAND,7097,375211694,52869,2595,20.4,64,177
"WEST KENDALL BAPTIST HOSPITAL (MIAMI, FL)",MIAMI,6450,337689787,52355,3859,13.6,76,178
"MARYMOUNT HOSPITAL INC (GARFIELD HEIGHTS, OH)",CLEVELAND,19765,1034080226,52319,2495,21.0,9,179
"STATE OF OHIO OFFICE OF BUDGET AND MANAGEMENT STATE ACCOUNTING (NORTHFIELD, OH)",CLEVELAND,2362,123528355,52298,2630,19.9,187,180
"SELECT SPECIALTY HOSPITAL-NASHVILLE (NASHVILLE, TN)",NASHVILLE,3263,170585240,52279,2859,18.3,154,181
"BEACHWOOD RH LLC (BEACHWOOD, OH)",CLEVELAND,2051,106895749,52119,2530,20.6,209,182
"TRISTAR SUMMIT MEDICAL CENTER (MT JULIET, TN)",NASHVILLE,2597,134622246,51838,2858,18.1,177,183
"WINDMOOR HEALTHCARE OF CLEARWATER (TAMPA, FL)",TAMPA,1172,59621151,50871,4723,10.8,266,184
"INSIGHT CHICAGO INC (CHICAGO, IL)",CHICAGO,12100,610222435,50432,3421,14.7,29,185
"WEST FLORIDA MHT LLC (TAMPA, FL)",TAMPA,1319,65801957,49888,4246,11.7,258,186
"ST DAVIDS HEALTHCARE PARTNERSHIP LP LLP (ROUND ROCK, TX)",AUSTIN,1581,78247290,49492,4186,11.8,245,187
"HENRY FORD WYANDOTTE HOSPITAL (WYANDOTTE, MI)",DETROIT,2324,114988803,49479,3259,15.2,199,188
"ZUCKERBERG SAN FRANCISCO GENERAL HOSP & TRAUMA CTR (SAN FRANCISCO, CA)",SAN FRANCISCO,7310,358169053,48997,4157,11.8,71,189
"PFLUGERVILLE EMERGENCY CENTER  LLC (PFLUGERVILLE, TX)",AUSTIN,1329,65006555,48914,3980,12.3,259,190
"THE METROHEALTH SYSTEM (CLEVELAND, OH)",CLEVELAND,44251,2146483607,48507,2572,18.9,3,191
"COLLIN COUNTY ADULT CLINIC (PLANO, TX)",AUSTIN,4736,228988036,48351,6339,7.6,113,192
"KAISER FOUNDATION HOSPITAL - SAN FRANCISCO (SAN FRANCISCO, CA)",SAN FRANCISCO,1862,88547238,47555,4276,11.1,236,193
"ASCENSION ST JOHN HOSPITAL (DETROIT, MI)",DETROIT,3341,155982863,46687,3060,15.3,163,194
"MERCER MANOR REHABILITATION LLC (ALEDO, IL)",CHICAGO,17362,804564661,46341,5899,7.9,17,195
"GOTTLIEB MEMORIAL HOSPITAL (MELROSE PARK, IL)",CHICAGO,3909,179698969,45971,3716,12.4,150,196
"MOUNT SINAI MEDICAL CENTER (MIAMI BEACH, FL)",MIAMI,2734,122526168,44816,3729,12.0,188,197
"MOUNT SINAI HOSPITAL MEDICAL CENTER (CHICAGO, IL)",CHICAGO,6230,275333712,44195,3316,13.3,92,198
"JOHNS HOPKINS ALL CHILDREN'S HOSPITAL  INC (TAMPA, FL)",TAMPA,1139,49708566,43642,4459,9.8,286,199
"METRO NASHVILLE GENERAL HOSPITAL (NASHVILLE, TN)",NASHVILLE,2368,102557126,43310,3220,13.4,216,200
"HCA HEALTH SERVICES OF TENNESSEE  INC (NASHVILLE, TN)",NASHVILLE,6982,300980593,43108,3239,13.3,84,201
"HCA FLORIDA SOUTH TAMPA HOSPITAL (TAMPA, FL)",TAMPA,1760,75319150,42795,3855,11.1,248,202
"ST CLAIR MEMORIAL HOSPITAL (PITTSBURGH, PA)",PITTSBURGH,2431,103604295,42618,3414,12.5,214,203
"FARMBROOK INTERNAL MEDICINE INC (BINGHAM FARMS, MI)",DETROIT,4211,179407989,42605,5401,7.9,151,204
"ST MARY'S MEDICAL CENTER (SAN FRANCISCO, CA)",SAN FRANCISCO,5319,226195994,42526,4188,10.2,116,205
"VALLEY MEDICAL FACILITIES INC (MC KEES ROCKS, PA)",PITTSBURGH,2959,125823676,42522,3386,12.6,186,206
"MT SINAI HOSPITAL MEDICAL CENTER (CHICAGO, IL)",CHICAGO,6246,265295289,42474,3229,13.2,97,207
"SELECT SPECIALTY HOSPITAL - MACOMB COUNTY INC (DETROIT, MI)",DETROIT,2091,88568035,42357,3485,12.2,235,208
"ADVOCATE HEALTH AND HOSPITALS CORPORATION (PARK RIDGE, IL)",CHICAGO,5103,215974168,42323,3317,12.8,124,209
"HEBREW REHABILITATION CENTER (ROSLINDALE, MA)",BOSTON,2346,99080649,42234,3346,12.6,222,210
"CARNEY HOSPITAL (QUINCY, MA)",BOSTON,1416,59128117,41757,3690,11.3,269,211
"MOUNTAIN VIEW REGIONAL HOME HEALTH (YORK, PA)",PITTSBURGH,2148,89305385,41576,5532,7.5,234,212
"SAINT FRANCIS HOSPITAL-BARTLETT  INC. (MILLINGTON, TN)",NASHVILLE,3823,158595340,41485,5343,7.8,161,213
"UPMC PRESBYTERIAN SHADYSIDE (PITTSBURGH, PA)",PITTSBURGH,3750,153956590,41055,3166,13.0,167,214
"BRIGHAM AND WOMEN'S FAULKNER HOSPITAL  INC. (BOSTON, MA)",BOSTON,1906,78032086,40940,3514,11.6,246,215
"ST CLAIR HOSPITAL (PITTSBURGH, PA)",PITTSBURGH,2485,101550197,40865,3153,13.0,218,216
"BRIGHAM AND WOMEN'S FAULKNER HOSPITAL  INC. (JAMAICA PLAIN, MA)",BOSTON,1910,78019588,40848,3431,11.9,247,217
"NORTH AUSTIN MEDICAL CENTER (PFLUGERVILLE, TX)",AUSTIN,1801,73500545,40811,4254,9.6,249,218
"BRIDGEPOINT -NATIONAL HARBOR (WASHINGTON, DC)",WASHINGTON DC,1168,47552650,40713,3937,10.3,292,219
"ARBOUR HOSPITAL  THE (QUINCY, MA)",BOSTON,1375,55415462,40302,3387,11.9,277,220
"SELECT SPECIALTY HOSPITAL - PITTSBURGH/UPMC (PITTSBURG, PA)",PITTSBURGH,2174,86578649,39825,3091,12.9,239,221
"NORTHERN UTAH HEALTHCARE CORPORATION (SALT LAKE CITY, UT)",SALT LAKE CITY,1457,57801840,39672,3823,10.4,271,222
"TRISTAR SOUTHERN HILLS MEDICAL CENTER (NASHVILLE, TN)",NASHVILLE,5640,223223315,39579,3179,12.4,117,223
"HARTGROVE HOSPITAL (OAK PARK, IL)",CHICAGO,2210,86581036,39177,3414,11.5,238,224
"MEASE COUNTRYSIDE HOSPITAL (TAMPA, FL)",TAMPA,1250,48925747,39141,4048,9.7,288,225
"HEBREW SENIORLIFE AFFILIATED MEDICAL GROUP INC (ROSLINDALE, MA)",BOSTON,2302,89990461,39092,3318,11.8,230,226
"PRESENCE SAINTS MARY AND ELIZABETH MEDICAL CENTER (CHICAGO, IL)",CHICAGO,6825,265961954,38969,3549,11.0,96,227
"HTI MEMORIAL HOSPITAL CORPORATION (NASHVILLE, TN)",NASHVILLE,4388,169975057,38736,3217,12.0,155,228
"LOYOLA GOTTLIEB MEMORIAL HOSPITAL (MELROSE PARK, IL)",CHICAGO,2507,97038792,38707,3386,11.4,224,229
"UH REGIONAL HOSPITALS (WARRENSVILLE HEIGHTS, OH)",CLEVELAND,3004,115297504,38381,2543,15.1,198,230
"PRESENCE RESURRECTION MEDICAL CENTER (PARK RIDGE, IL)",CHICAGO,3157,119139312,37738,3746,10.1,194,231
"ADVOCATE NORTH SIDE HEALTH NETWORK (PARK RIDGE, IL)",CHICAGO,3010,111706566,37112,3183,11.7,200,232
"TRISTAR SKYLINE MEDICAL CENTER (NASHVILLE, TN)",NASHVILLE,4930,182869235,37093,2960,12.5,143,233
"VALLEY MEDICAL FACILITIES INC (PITTSBURGH, PA)",PITTSBURGH,1525,56490577,37043,3458,10.7,274,234
"TRISTAR ASHLAND CITY MEDICAL CENTER (ASHLAND CITY, TN)",NASHVILLE,3135,115563858,36862,3213,11.5,197,235
"ST JOSEPHS HOSPITAL (TAMPA, FL)",TAMPA,1263,46522621,36835,3730,9.9,295,236
"Fitchburg Outpatient Clinic (Fitchburg, MA)",BOSTON,3498,128457265,36723,4446,8.3,184,237
"HCA HEALTH SERVICES OF TENNESSEE  INC (ASHLAND CITY, TN)",NASHVILLE,2611,95450477,36557,2802,13.0,227,238
"OHIO VALLEY GENERAL HOSPITAL (MCKEES ROCKS, PA)",PITTSBURGH,1749,63651905,36393,3401,10.7,262,239
"SELECT SPECIALTY HOSPITAL-WYANDOTTE  LLC (WYANDOTTE, MI)",DETROIT,1500,53728890,35819,3052,11.7,280,240
"ROUND ROCK MEDICAL CENTER (ROUND ROCK, TX)",AUSTIN,2275,80513331,35390,3621,9.8,243,241
"REGENCY HOSPITAL OF CLEVELAND EAST (WARRENSVILLE HEIGHTS, OH)",CLEVELAND,2985,105224358,35251,2551,13.8,211,242
"AHN EMERUS WESTMORELAND LLC (PITTSBURGH, PA)",PITTSBURGH,1487,52274428,35154,3371,10.4,282,243
"UNIVERSITY OF ILLINOIS HOSPITAL (CHICAGO, IL)",CHICAGO,6392,222820013,34859,3445,10.1,118,244
"OHIO VALLEY MEDICAL SERVICES INC (MCKEES ROCKS, PA)",PITTSBURGH,1785,61527263,34469,2931,11.8,264,245
"M & Y CARE LLC (LYNDHURST, OH)",CLEVELAND,28847,974963361,33798,4601,7.3,11,246
"HEALTHSOUTH HARMARVILLE REHABILITATION HOSPITAL (PITTSBURGH, PA)",PITTSBURGH,1476,49831779,33761,2645,12.8,285,247
"UNIVERSITY HOSPITALS CLEVELAND MEDICAL CENTER (WESTLAKE, OH)",CLEVELAND,4400,143882411,32701,2587,12.6,172,248
"INSIGHT HOSPITAL AND MEDICAL CENTER CHICAGO (CHICAGO, IL)",CHICAGO,8962,288834919,32229,3339,9.7,89,249
"COMMUNITY OF HOPE  INC (WASHINGTON, DC)",WASHINGTON DC,7314,212815403,29097,4854,6.0,126,250
"CLEVELAND CLINIC CHILDREN'S HOSPITAL FOR REHABILITATION (WESTLAKE, OH)",CLEVELAND,2495,71792863,28775,2799,10.3,251,251
"THE METROHEALTH SYSTEM (WESTLAKE, OH)",CLEVELAND,2451,68508428,27951,2491,11.2,253,252
"FAIRVIEW HOSPITAL (WESTLAKE, OH)",CLEVELAND,2416,66492854,27522,2583,10.7,257,253
"UNIVERSITY HOSPITALS - ELYRIA MEDICAL CENTER (WESTLAKE, OH)",CLEVELAND,2444,64987223,26591,2502,10.6,260,254
"THE BOARD OF TRUSTEES OF THE UNIVERSITY OF ILLINOIS (CHICAGO, IL)",CHICAGO,12803,252395018,19714,2678,7.4,102,255
"MEDSTAR WASHINGTON HOSPITAL CENTER (WASHINGTON, DC)",WASHINGTON DC,2547,47309772,18575,3543,5.2,293,256
"GEORGETOWN UNIVERSITY HOSP (WASHINGTON, DC)",WASHINGTON DC,3534,60504706,17121,3925,4.4,265,257
"SEASONS HOSPICE & PALLIATIVE CARE OF SOUTHERN FLORIDA  LLC (MIAMI, FL)",MIAMI,1067,17969640,16841,16030,1.1,415,258
"WILLOW PARK CONVALESCENT HOME (CLEVELAND, OH)",CLEVELAND,1518,22633354,14910,14226,1.0,377,259
"GREAT LAKES CARING HOSPICE C IL LLC (SPRINGFIELD, IL)",CHICAGO,1085,15353270,14150,13374,1.1,462,260
"NORTHSHORE UNIVERSITY HEALTHSYSTEM (SKOKIE, IL)",CHICAGO,1172,15946977,13607,12860,1.1,448,261
"UNITY HOSPICE OF CHICAGOLAND  LLC (CHICAGO, IL)",CHICAGO,2638,35863683,13595,12868,1.1,320,262
"TAMAYO URGENT CARE INC (MIAMI SHORES, FL)",MIAMI,3732,47066595,12612,1912,6.6,294,263
"LIFEPATH HOSPICE (TEMPLE TERRACE, FL)",TAMPA,1133,13503361,11918,7865,1.5,495,264
"FAIRWAY OAKS CENTER (TAMPA, FL)",TAMPA,1030,12113468,11761,5690,2.1,529,265
"MIAMI JEWISH HEALTH SYSTEMS  INC (MIAMI, FL)",MIAMI,1092,12839119,11757,5536,2.1,510,266
"MIAMI URGENT CARE PA (CORAL GABLES, FL)",MIAMI,5732,67270452,11736,1813,6.5,256,267
"VITAS HEALTHCARE CORPORATION OF ILLINOIS (CHICAGO, IL)",CHICAGO,2177,25233683,11591,9236,1.3,360,268
"ZUCKERBERG SAN FRANCISCO GENERAL HOSP & TRAUMA SNF (SAN FRANCISCO, CA)",SAN FRANCISCO,3068,35226282,11482,6135,1.9,321,269
"FLORIDEAN NURSING AND REHABILITATION CENTER  THE (MIAMI, FL)",MIAMI,1483,16869203,11375,4888,2.3,432,270
"HOSPICE OF THE WESTERN RESERVE AT UNIVERSITY HOSPITALS LLC (CLEVELAND, OH)",CLEVELAND,3224,36340843,11272,10660,1.1,319,271
"JUDSON HOME CARE (CLEVELAND, OH)",CLEVELAND,2178,24389360,11198,10674,1.0,368,272
"MCGREGOR AT OVERLOOK (CLEVELAND, OH)",CLEVELAND,2757,30860474,11193,10623,1.1,333,273
"VISITING NURSE ASSOCIATION OF CLEVELAND HOSPICE (BROOKLYN HEIGHTS, OH)",CLEVELAND,1175,12895789,10975,10417,1.1,508,274
"APERION CARE BRIDGEPORT (BRIDGEPORT, IL)",CHICAGO,1919,20275590,10566,5811,1.8,393,275
"A PLUS FAMILY URGENT CARE LLC (TAMPA, FL)",TAMPA,1494,15641795,10470,1712,6.1,457,276
"FLORIDA URGENT CARE PARTNERS (TEMPLE TERRACE, FL)",TAMPA,1347,13926535,10339,1702,6.1,488,277
"CENTER HOME HISPANIC ELDERLY (CHICAGO, IL)",CHICAGO,1028,10619932,10331,5581,1.9,573,278
"RIVERSIDE CARE CENTER (MIAMI, FL)",MIAMI,1203,12366420,10280,4312,2.4,522,279
"AVANTGARDE URGENT CARE  LLC (TAMPA, FL)",TAMPA,1671,17176651,10279,1783,5.8,428,280
"CALIFORNIA PACIFIC MEDICAL CTR- DAVIES CAMPUS HOSP (SAN FRANCISCO, CA)",SAN FRANCISCO,1444,14780128,10236,4904,2.1,472,281
"HERITAGE HOSPICE AND PALLIATIVE CARE (HARWOOD HEIGHTS, IL)",CHICAGO,2151,21530399,10009,6522,1.5,387,282
"SAN FRANCISCO POST ACUTE (SAN FRANCISCO, CA)",SAN FRANCISCO,3031,30113043,9935,4706,2.1,337,283
"CITY BAY URGENT CARE  A MEDICAL CORPORATION (SAN FRANCISCO, CA)",SAN FRANCISCO,6412,63244730,9863,1599,6.2,263,284
"KAISER FOUNDATION HOSPITAL HOSPICE-SAN FRANCISCO (SAN FRANCISCO, CA)",SAN FRANCISCO,2601,25333812,9740,4960,2.0,359,285
"VITAS INNOVATIVE HOSPICE CARE OF GREATER WASH  DC (WASHINGTON, DC)",WASHINGTON DC,2235,21708305,9713,6081,1.6,384,286
"BOLINAS COMMUNITY HEALTH CENTER (BOLINAS, CA)",SAN FRANCISCO,3125,30323288,9703,1919,5.1,336,287
"GOLDEN GATE URGENT CARE INC (SAN FRANCISCO, CA)",SAN FRANCISCO,3987,38571378,9674,1584,6.1,312,288
"CAL DEVON URGENT CARE INC (CHICAGO, IL)",CHICAGO,3966,38211317,9635,1535,6.3,316,289
"VITUITY - URGENT CARE SERVICES PC (SAN FRANCISCO, CA)",SAN FRANCISCO,9578,91846666,9589,1571,6.1,229,290
"MOHANA URGENT CARE LTD (CHICAGO, IL)",CHICAGO,1747,16512350,9452,1519,6.2,437,291
"HERITAGE MANOR NURSING AND REHAB CENTER (DETROIT, MI)",DETROIT,1628,15256928,9372,3905,2.4,465,292
"EXPRESS URGENT CARE LLC (CHICAGO RIDGE, IL)",CHICAGO,1879,17574286,9353,1502,6.2,423,293
"VILLA AT WINDSOR PARK (CHICAGO, IL)",CHICAGO,2031,18912687,9312,4450,2.1,406,294
"PRESENCE ST JOSEPH HOSPITAL - CHICAGO (CHICAGO, IL)",CHICAGO,1489,13842840,9297,4605,2.0,489,295
"STEEL VALLEY URGENT CARE (PITTSBURGH, PA)",PITTSBURGH,4219,39143751,9278,1365,6.8,310,296
"SOUTHPOINT NURSING & REHAB CENTER (CHICAGO, IL)",CHICAGO,2748,25483881,9274,4503,2.1,358,297
"STEEL CITY URGENT CARE PHYSICIANS  LLC (PITTSBURGH, PA)",PITTSBURGH,3106,28730026,9250,1377,6.7,344,298
"PARK MANOR BEE CAVE (BEE CAVE, TX)",AUSTIN,1320,12126231,9187,5377,1.7,527,299
"SILVERADO HOSPICE- AUSTIN (AUSTIN, TX)",AUSTIN,1170,10712097,9156,5626,1.6,570,300
"URGENT CARE MEDICAL SERVICE CORPORATION (CHICAGO, IL)",CHICAGO,1763,16086681,9125,1464,6.2,443,301
"PRIMARY URGENT CARE LLC (CHICAGO, IL)",CHICAGO,4786,43464299,9082,1497,6.1,300,302
"BROOKDALE LAKEWAY 2 (LAKEWAY, TX)",AUSTIN,1420,12873717,9066,4374,2.1,509,303
"SEVEN HILLS HEALTH & REHAB CENTER (SEVEN HILLS, OH)",CLEVELAND,1106,10017876,9058,4610,2.0,585,304
"HARPER WOODS URGENT CARE AND MEDICAL CENTER PLLC (HARPER WOODS, MI)",DETROIT,1592,14390767,9039,1285,7.0,479,305
"BRIDGEPOINT SUB-ACUTE AND REHAB CAPITOL HILL (WASHINGTON, DC)",WASHINGTON DC,5463,49183370,9003,4621,1.9,287,306
"AUSTIN HEALTHCARE AND REHABILITATION CENTER (AUSTIN, TX)",AUSTIN,2028,18115679,8933,4806,1.9,413,307
"TERRACES AT THE CLARE (CHICAGO, IL)",CHICAGO,3469,30793528,8877,3998,2.2,334,308
"URGENT WELLNESS LLC (WASHINGTON, DC)",WASHINGTON DC,5118,45311130,8853,1501,5.9,296,309
"FAMILYDOC URGENT CARE LLC (CHICAGO, IL)",CHICAGO,2455,21615846,8805,1432,6.1,386,310
"NORTHWEST MEDICAL AND URGENT CARE CENTER AT MADISON LTD (CHICAGO, IL)",CHICAGO,9213,81070290,8800,1472,6.0,242,311
"BELHAVEN NURSING & REHAB CENTER (CHICAGO, IL)",CHICAGO,1148,10075324,8776,4333,2.0,584,312
"SOUTH LOOP URGENT CARE LLC (CHICAGO, IL)",CHICAGO,13693,119907145,8757,1432,6.1,191,313
"VERNOR URGENT CARE PLLC (DETROIT, MI)",DETROIT,2246,19620355,8736,1279,6.8,399,314
"COURET MEDICAL & URGENT CARE S.C. (FRANKLIN PARK, IL)",CHICAGO,4413,38389478,8699,1518,5.7,314,315
"FAIRLANE SENIOR CARE AND REHAB CENTER (DETROIT, MI)",DETROIT,1558,13542608,8692,3554,2.4,494,316
"EXPRESSMD URGENT CARE PLLC (PFLUGERVILLE, TX)",AUSTIN,2061,17811640,8642,1570,5.5,418,317
"DIVINE HEALTH CARE CORP (MIAMI, FL)",MIAMI,2845,24432428,8588,3327,2.6,367,318
"ECONOMIC OPPORTUNITY FAMILY HLTH CTR (MIAMI, FL)",MIAMI,1565,13428249,8580,2076,4.1,497,319
"NORTHWEST MEDICAL AND URGENT CARE CENTER AT YALE AND 95TH LTD (CHICAGO, IL)",CHICAGO,6505,55802520,8578,1429,6.0,276,320
"FIRST URGENT CARE INC (PARMA, OH)",CLEVELAND,18124,155254095,8566,1227,7.0,165,321
"BRADDOCK FAMILY HEALTH CENTER (BRADDOCK, PA)",PITTSBURGH,1031,8786915,8523,1592,5.4,621,322
"DISTRICT URGENT CARE PROFESSIONAL CORPORATION (WASHINGTON, DC)",WASHINGTON DC,5138,43769054,8519,1497,5.7,298,323
"WARREN BARR GOLD COAST (CHICAGO, IL)",CHICAGO,2304,19602607,8508,3861,2.2,401,324
"SOUTH OF MARKET HEALTH CENTER (SAN FRANCISCO, CA)",SAN FRANCISCO,2919,24773963,8487,2776,3.1,363,325
"GRAND HARLEM MEDICAL CENTER URGENT CARE LLC (ELMWOOD PARK, IL)",CHICAGO,4855,41193012,8485,1475,5.8,306,326
"NEW HOPE MANOR (CEDAR PARK, TX)",AUSTIN,1064,9019902,8477,4349,1.9,617,327
"CARECENTRICS URGENT CARE LLC (MORTON GROVE, IL)",CHICAGO,2924,24695272,8446,1455,5.8,364,328
"MAXCARE URGENT CARE PC (HAMTRAMCK, MI)",DETROIT,1413,11921526,8437,1265,6.7,535,329
"HEALTH EXPRESS URGENT CARE CENTERS LLC (CLEVELAND, OH)",CLEVELAND,16419,138206240,8417,1176,7.2,175,330
"CLEVELAND URGENT CARE LLC (CLEVELAND, OH)",CLEVELAND,48964,411978679,8414,1194,7.0,57,331
"SUTTER VISITING NURSE ASSOCIATION AND HOSPICE (SAN FRANCISCO, CA)",SAN FRANCISCO,6773,56959505,8410,3790,2.2,273,332
"CHELSEA JEWISH HOSPICE AND PALLIATIVE CARE (CHELSEA, MA)",BOSTON,1874,15758688,8409,5304,1.6,453,333
"NORTHWEST MEDICAL AND URGENT CARE CENTER AT SOUTH SHORE LLC (CHICAGO, IL)",CHICAGO,1483,12459102,8401,1485,5.7,519,334
"BAYSHORE POINTE NURSING AND REHAB CENTER (TAMPA, FL)",TAMPA,2628,22050862,8391,4050,2.1,382,335
"WOODLAND URGENT CARE LLC (DETROIT, MI)",DETROIT,2151,18032002,8383,1269,6.6,414,336
"URGENT MEDICAL CENTER SC (CHICAGO, IL)",CHICAGO,1727,14466032,8376,1423,5.9,478,337
"PROMEDICA SKILLED NURSING & REHABILITATION PARMA (CLEVELAND, OH)",CLEVELAND,3160,26386378,8350,3491,2.4,353,338
"LEE DAVIS HEALTH CENTER (TAMPA, FL)",TAMPA,1878,15620005,8317,2287,3.6,458,339
"BOULEVARD TEMPLE CARE CENTER  LLC (DETROIT, MI)",DETROIT,1929,16022337,8306,3621,2.3,446,340
"NORTH EAST MEDICAL SERVICES - TARAVAL (SAN FRANCISCO, CA)",SAN FRANCISCO,4731,38709781,8182,3392,2.4,311,341
"CLINIC IN ALTGELD INC  THE (CHICAGO, IL)",CHICAGO,2010,16406379,8162,1677,4.9,438,342
"SOUTHPARK MEADOWS NURSING AND REHABILITATION CENTE (AUSTIN, TX)",AUSTIN,1051,8567993,8152,4677,1.7,627,343
"ROCKY RIVER URGENT CARE  INC. (ROCKY RIVER, OH)",CLEVELAND,7320,59605480,8143,1194,6.8,267,344
"TAMPA FAMILY HEALTH CENTERS  INC (TAMPA, FL)",TAMPA,2790,22657269,8121,2929,2.8,376,345
"TENDERLOIN HEALTH SERVICES (SAN FRANCISCO, CA)",SAN FRANCISCO,2056,16687149,8116,3016,2.7,434,346
"NORTH OLMSTED URGENT CARE LLC (NORTH OLMSTED, OH)",CLEVELAND,1405,11348577,8077,1208,6.7,548,347
"SDM 1 STOP PRIMARY & URGENT CARE (WASHINGTON, DC)",WASHINGTON DC,5048,40423257,8008,1470,5.4,307,348
"MADISON FAMILY HEALTH CENTER (CHICAGO, IL)",CHICAGO,2086,16654713,7984,1726,4.6,435,349
"THE VILLA AT THE PARK (HIGHLAND PARK, MI)",DETROIT,1642,13090396,7972,3463,2.3,503,350
"PHYSICIANS' URGENT CARE  PLLC (FRANKLIN, TN)",NASHVILLE,1350,10728721,7947,1337,5.9,569,351
"UIC-MILE SQUARE AT CICERO (CICERO, IL)",CHICAGO,1360,10806337,7946,1718,4.6,566,352
"LEWIS URGENT CARE PLLC (DRIPPING SPRINGS, TX)",AUSTIN,1893,15016990,7933,1607,4.9,470,353
"RIDGE PARK URGENT CARE LLC (STRONGSVILLE, OH)",CLEVELAND,2432,19287790,7931,1180,6.7,404,354
"KAISER FOUNDATION HOSP HOME HEALTH - SAN FRANCISCO (SAN FRANCISCO, CA)",SAN FRANCISCO,2146,17010578,7927,2837,2.8,430,355
"LIFE CARE CENTER OF SALT LAKE CITY (SALT LAKE CITY, UT)",SALT LAKE CITY,1656,13117502,7921,4046,2.0,501,356
"URGENT AND FAMILY CARE AT AVERY RANCH  LLP (AUSTIN, TX)",AUSTIN,3431,27103863,7900,1555,5.1,350,357
"PILSEN FAMILY HEATLH CENTER (CHICAGO, IL)",CHICAGO,2338,18454222,7893,1592,5.0,411,358
"ACCESS CABRINI HEALTH CENTER (CHICAGO, IL)",CHICAGO,2917,22999536,7885,1533,5.1,374,359
"PARKSHORE ESTATES NURSING & REHAB (CHICAGO, IL)",CHICAGO,1520,11953919,7864,3310,2.4,534,360
"PLAZA MEDICAL CENTER (CHICAGO, IL)",CHICAGO,1461,11482176,7859,1518,5.2,545,361
"THE HEALTH CENTER AT RICHLAND PLACE (NASHVILLE, TN)",NASHVILLE,1402,10958467,7816,3908,2.0,561,362
"COMMUNITYCARE - ROSEWOOD- ZARAGOSA (AUSTIN, TX)",AUSTIN,2126,16542303,7781,1815,4.3,436,363
"REMEDY URGENT CARE PLLC (AUSTIN, TX)",AUSTIN,8259,64147435,7767,1573,4.9,261,364
"ACCESS HAWTHORNE FAMILY HEALTH CENTER (CICERO, IL)",CHICAGO,1084,8356350,7709,1799,4.3,637,365
"DCHC WOODWARD CORRIDOR FAMILY MEDICAL CENTER (DETROIT, MI)",DETROIT,1418,10889871,7680,1755,4.4,563,366
"NORRIDGE GARDENS (NORRIDGE, IL)",CHICAGO,1985,15204601,7660,3900,2.0,466,367
"VOLUNTEER STATE URGENT CARE  PC (NASHVILLE, TN)",NASHVILLE,2726,20869473,7656,1303,5.9,391,368
"MARY'S CENTER FOR MATERNAL AND CHILD CARE  INC (WASHINGTON, DC)",WASHINGTON DC,3005,22971177,7644,2772,2.8,375,369
"COMMUNITYCARE - NORTH CENTRAL (AUSTIN, TX)",AUSTIN,1476,11259317,7628,1804,4.2,550,370
"VICTORY URGENT CARE LLC (WEST LAKE HILLS, TX)",AUSTIN,3947,30098623,7626,1575,4.8,338,371
"FAMILY MEDICAL URGENT CARE PLLC (NASHVILLE, TN)",NASHVILLE,1995,15195161,7617,1377,5.5,467,372
"JUNIPER VILLAGE AT SPICEWOOD SUMMIT (AUSTIN, TX)",AUSTIN,3060,23265804,7603,4140,1.8,371,373
"WOODBRIDGE NURSING PAVILION (CHICAGO, IL)",CHICAGO,2310,17480963,7568,3809,2.0,425,374
"URGENT MD LLC (HERMITAGE, TN)",NASHVILLE,1591,12022604,7557,1417,5.3,531,375
"ROYAL OAK NURSING & REHAB CTR (CLEVELAND, OH)",CLEVELAND,6374,48066965,7541,3327,2.3,290,376
"NHC PLACE AT THE TRACE (NASHVILLE, TN)",NASHVILLE,1765,13283081,7526,3504,2.1,498,377
"AMEDISYS HOME HEALTH (WASHINGTON, DC)",WASHINGTON DC,1497,11231396,7503,3201,2.3,552,378
"WARREN FAMILY HEALTH CENTER (CHICAGO, IL)",CHICAGO,2053,15382326,7493,1693,4.4,460,379
"COMMUNITYCARE - SOUTH AUSTIN (AUSTIN, TX)",AUSTIN,1091,8123130,7446,1917,3.9,644,380
"UTAH CARENOW URGENT CARE LLC (WEST JORDAN, UT)",SALT LAKE CITY,3747,27884532,7442,1432,5.2,347,381
"BORINQUEN HEALTH CARE CENTER (MIAMI, FL)",MIAMI,1117,8282736,7415,3338,2.2,641,382
"GRAND BLVD PLAZA FAMILY HEALTH CENTER (CHICAGO, IL)",CHICAGO,1748,12931233,7398,1786,4.1,506,383
"ASAP SERVICES CORPORATION (WASHINGTON, DC)",WASHINGTON DC,4527,33467333,7393,3637,2.0,323,384
"ASCENSION RESURRECTION LIFE (CHICAGO, IL)",CHICAGO,1039,7672870,7385,3737,2.0,662,385
"CHICAGO FAMILY HEALTH CENTER  INC (CHICAGO, IL)",CHICAGO,3490,25722505,7370,1810,4.1,357,386
"AMERICARE IN HOME NURSING (WASHINGTON, DC)",WASHINGTON DC,2553,18784376,7358,3635,2.0,409,387
"BOSTONIAN NURSING CARE & REHABILITATION CTR  THE (DORCHESTER, MA)",BOSTON,1202,8839949,7354,3497,2.1,620,388
"INSPIRE MEDICAL CLINIC LLC (TAMPA, FL)",TAMPA,1053,7633395,7249,1628,4.5,665,389
"MARIAN MANOR (SOUTH BOSTON, MA)",BOSTON,3627,26270387,7243,3543,2.0,355,390
"OMNI CONTINUING CARE (DETROIT, MI)",DETROIT,2468,17869758,7241,2891,2.5,416,391
"UNIVERSITY OF IL AT CHICAGO - MILE SQUARE HC AT BA (CHICAGO, IL)",CHICAGO,1747,12616986,7222,1956,3.7,516,392
"HIGH PERFORMANCE HEALTHCARE CORPORATION (MIAMI, FL)",MIAMI,2252,16222614,7204,1639,4.4,441,393
"WATERFRONT TERRACE (CHICAGO, IL)",CHICAGO,1426,10267041,7200,3417,2.1,582,394
"BORINQUEN HEALTH CARE CENTER INC (MIAMI, FL)",MIAMI,2455,17665032,7196,1615,4.5,422,395
"ST JOSEPH VILLAGE OF CHICAGO (CHICAGO, IL)",CHICAGO,3127,22451479,7180,3310,2.2,380,396
"SPORT ORTHO URGENT CARE PC (NASHVILLE, TN)",NASHVILLE,7105,51009122,7179,1312,5.5,283,397
"JESSIE TRICE COMMUNITY HEALTH SYSTEM INC (MIAMI, FL)",MIAMI,1609,11498775,7147,1594,4.5,544,398
"GRAND HEALTH CARE CONSULTING LLC (MIAMI, FL)",MIAMI,1188,8482489,7140,1603,4.5,631,399
"IMMACULATE HEALTH CARE SERVICES INC (WASHINGTON, DC)",WASHINGTON DC,2131,15160858,7114,3856,1.8,468,400
"ASCENSION CASA SCALABRINI (NORTHLAKE, IL)",CHICAGO,2385,16957059,7110,3250,2.2,431,401
"AUNT MARTHA'S SOUTHEAST SIDE COMMUNITY HEALTH CTR (CHICAGO, IL)",CHICAGO,2234,15878700,7108,1606,4.4,450,402
"HUMAN TOUCH HOME HEALTH CARE AGENCY  INC (WASHINGTON, DC)",WASHINGTON DC,1282,9077918,7081,3147,2.3,613,403
"COMMUNITYCARE - OAK HILL (AUSTIN, TX)",AUSTIN,6015,42499395,7066,1526,4.6,303,404
"SOMERFIELD AT THE HERITAGE (BRENTWOOD, TN)",NASHVILLE,1098,7757772,7065,3431,2.1,661,405
"UNIVERSITY OF ILLINOIS - MILE SQUARE HEALTH CENTER (CHICAGO, IL)",CHICAGO,1715,12020169,7009,1990,3.5,532,406
"WATERS MEDICAL CLINIC  LLC (TAMPA, FL)",TAMPA,1923,13454805,6997,1558,4.5,496,407
"GLOWING HEALTHCARE LLC (MIAMI, FL)",MIAMI,2697,18821638,6979,1569,4.4,408,408
"MT ALVERNA HOME INC (PARMA, OH)",CLEVELAND,3222,22451927,6968,2914,2.4,379,409
"ALLIANCE HEALTH AT MARINA BAY (QUINCY, MA)",BOSTON,1584,11018600,6956,3427,2.0,559,410
"COMMUNITY HEALTH OF SOUTH FLORIDA INC (MIAMI, FL)",MIAMI,1236,8591169,6951,1568,4.4,626,411
"DIPLOMAT HEALTHCARE (NORTH ROYALTON, OH)",CLEVELAND,2521,17514297,6947,2863,2.4,424,412
"MARBRIDGE VILLA (MANCHACA, TX)",AUSTIN,1557,10807629,6941,3740,1.9,565,413
"STANLEY C MYERS COMMUNITY HEALTH CTR (MIAMI BEACH, FL)",MIAMI,3519,24384622,6929,1578,4.4,369,414
"HEALTHRIGHT 360 (SAN FRANCISCO, CA)",SAN FRANCISCO,1970,13649512,6929,1666,4.2,493,415
"CHICAGO FAMILY HEALTH CENTER (CHICAGO, IL)",CHICAGO,1768,12238669,6922,1946,3.6,525,416
"CARLTON AT THE LAKE  THE (CHICAGO, IL)",CHICAGO,2027,14025774,6919,2968,2.3,487,417
"EMBRACING CHANGES CENTER FOR WELLNESS LLC (TAMPA, FL)",TAMPA,1519,10508681,6918,1567,4.4,576,418
"ACCESS AT EYE INSTITUTE (CHICAGO, IL)",CHICAGO,3779,26101650,6907,1505,4.6,356,419
"LAKEVIEW  REHAB & NURSING CENTER (CHICAGO, IL)",CHICAGO,2751,18983739,6901,3304,2.1,405,420
"PALMA CEIA FAMILY CARE  P.L. (TAMPA, FL)",TAMPA,1337,9222094,6898,1541,4.5,606,421
"ELIZA BRYANT CENTER (CLEVELAND, OH)",CLEVELAND,9772,67283901,6885,2814,2.4,255,422
"VILLA ST JOSEPH (GARFIELD HEIGHTS, OH)",CLEVELAND,4720,32488995,6883,3102,2.2,328,423
"NORTHWEST COMMUNITY HEALTH CENTER (SALT LAKE CITY, UT)",SALT LAKE CITY,2363,16258563,6880,1405,4.9,440,424
"BENJAMIN HEALTHCARE CENTER (BOSTON, MA)",BOSTON,1661,11412467,6871,3446,2.0,546,425
"ALIVIO MEDICAL CENTER  INC (CHICAGO, IL)",CHICAGO,2752,18881669,6861,1686,4.1,407,426
"BRUCE DOUGLAS HEALTH CENTER (DETROIT, MI)",DETROIT,1348,9241261,6856,1823,3.8,605,427
"TAMPA FAMILY HEALTH CENTERS INC (TAMPA, FL)",TAMPA,8085,55370353,6849,1537,4.5,278,428
"MELROSE PARK FAMILY HEALTH CENTER (MELROSE PARK, IL)",CHICAGO,1050,7188257,6846,1930,3.5,678,429
"CAREMORE ASPIRE PRIMARY CARE PARTNERS PC (TAMPA, FL)",TAMPA,2914,19901762,6830,1546,4.4,397,430
"KEDZIE FAMILY HEALTH CENTER (CHICAGO, IL)",CHICAGO,2874,19606380,6822,2082,3.3,400,431
"HAZELWOOD FAMILY HEALTH CENTER (PITTSBURGH, PA)",PITTSBURGH,1729,11790471,6819,1764,3.9,536,432
"REFORMED PRESBYTERIAN HOME (PITTSBURGH, PA)",PITTSBURGH,1162,7915886,6812,3524,1.9,654,433
"KEY BISCAYNE MEDICAL CENTER INC (MIAMI, FL)",MIAMI,1658,11252094,6787,1515,4.5,551,434
"COMMUNITYCARE (AUSTIN, TX)",AUSTIN,6586,44616167,6774,2030,3.3,297,435
"THE WELLNESS PLAN-EAST AREA HEALTH CENTER (DETROIT, MI)",DETROIT,1865,12555098,6732,1715,3.9,517,436
"COVENANT COMMUNITY CARE  INC (DETROIT, MI)",DETROIT,2570,17273841,6721,2019,3.3,426,437
"BLUE ISLAND MEDICAL CENTER (BLUE ISLAND, IL)",CHICAGO,1389,9329843,6717,2141,3.1,601,438
"KINDRED HOSPICE (NASHVILLE, TN)",NASHVILLE,1104,7414424,6716,3615,1.9,671,439
"STO ROX FAMILY HLTH CTR (MC KEES ROCKS, PA)",PITTSBURGH,1694,11365657,6709,1606,4.2,547,440
"BERKELEY NURSING & REHAB CENTER (OAK PARK, IL)",CHICAGO,1581,10587428,6697,3200,2.1,574,441
"ERIE WESTSIDE FAMILY HEALTH CENTER (CHICAGO, IL)",CHICAGO,1750,11662880,6665,1854,3.6,540,442
"BUNCKE MEDICAL CLINIC INC. (SAN FRANCISCO, CA)",SAN FRANCISCO,1410,9388455,6658,1592,4.2,598,443
"WE CARE HOME HEALTH  INC (CHICAGO, IL)",CHICAGO,1190,7917172,6653,2517,2.6,653,444
"ERIE EVANSTON HEALTH CENTER (EVANSTON, IL)",CHICAGO,1009,6710864,6651,1758,3.8,695,445
"WEST END HLTH CTR (PITTSBURGH, PA)",PITTSBURGH,1400,9309472,6650,1374,4.8,604,446
"JIMENEZ MEDICAL CENTER  INC. (MIAMI, FL)",MIAMI,1076,7143017,6638,1490,4.5,681,447
"CONTINUUM CARE HOSPICE (PARMA, OH)",CLEVELAND,8620,57193970,6635,2999,2.2,272,448
"SUNCREST HOME HEALTH SERVICES (NASHVILLE, TN)",NASHVILLE,1447,9584727,6624,2295,2.9,594,449
"TAMPA INTERNIST PROFESSIONAL ASSOCIATE (TAMPA, FL)",TAMPA,1087,7145321,6573,1486,4.4,680,450
"CLEVELAND CLINIC HOSPICE (INDEPENDENCE, OH)",CLEVELAND,1133,7431089,6559,2647,2.5,670,451
"HARVARD STREET NEIGHBORHOOD HEALTH CENTER (DORCHESTER, MA)",BOSTON,2151,14078125,6545,1588,4.1,483,452
"SFHC SOUTHWEST FAMILY HEALTH CENTER (CHICAGO, IL)",CHICAGO,2725,17788469,6528,2037,3.2,420,453
"SELFHELP HOME OF CHICAGO (CHICAGO, IL)",CHICAGO,1704,11122621,6527,3136,2.1,556,454
"MILES SQUARE HEALTH CENTER (CHICAGO, IL)",CHICAGO,1024,6674311,6518,1372,4.8,697,455
"LINCOLN LEMINGTON FAMILY HEALTH CENTER (PITTSBURGH, PA)",PITTSBURGH,1662,10791842,6493,1501,4.3,567,456
"MENORAH PARK CENTER FOR SENIOR LIVING (BEACHWOOD, OH)",CLEVELAND,1916,12406403,6475,3164,2.0,520,457
"DCHC EASTSIDE HEALTH CENTER (DETROIT, MI)",DETROIT,1810,11672723,6449,1427,4.5,538,458
"BOSTON HOME  INC (THE) (BOSTON, MA)",BOSTON,2434,15685729,6444,3598,1.8,455,459
"CARE ALLIANCE (CLEVELAND, OH)",CLEVELAND,35455,227706296,6422,1470,4.4,114,460
"DEDHAM MEDICAL ASSOCIATES URGENT CARE CENTER LLC (NORWOOD, MA)",BOSTON,2485,15901099,6399,1075,6.0,449,461
"WESTPARK HEALTHCARE CAMPUS (CLEVELAND, OH)",CLEVELAND,6693,42727418,6384,2705,2.4,302,462
"CROSSROADS HOSPICE OF CLEVELAND  LLC (VALLEY VIEW, OH)",CLEVELAND,1722,10988860,6381,2531,2.5,560,463
"PACIFIC FAMILY PRACTICE MEDICAL GROUP A PROFESSIONAL CORPORATION (SAN FRANCISCO, CA)",SAN FRANCISCO,2242,14290745,6374,1529,4.2,480,464
"EAST END COMMUNITY HEALTH CENTER (PITTSBURGH, PA)",PITTSBURGH,1116,7104719,6366,1658,3.8,683,465
"PRECISION HEALTHCARE ASSOCIATES (SAN FRANCISCO, CA)",SAN FRANCISCO,2491,15855699,6365,1517,4.2,451,466
"EASTBROOK HEALTHCARE CENTER (CLEVELAND, OH)",CLEVELAND,2804,17816640,6354,2704,2.3,417,467
"WASATCH HOMELESS HEALTH CARE (SALT LAKE CITY, UT)",SALT LAKE CITY,1491,9458219,6344,1320,4.8,596,468
"SAN FRANCISCO MEDICAL CENTER OUTPATIENT IMPROVEMENT PROGRAMS  INC (SAN FRANCISCO, CA)",SAN FRANCISCO,12801,81194793,6343,1531,4.1,241,469
"PROMEDICA SKILLED NSG & REHAB GROSSE POINTE WOODS (GROSSE POINTE WOODS, MI)",DETROIT,1768,11204973,6338,2632,2.4,553,470
"WELLNESS CARE MEDICAL GROUP A PROFESSIONAL CORPORATION (SAN FRANCISCO, CA)",SAN FRANCISCO,3896,24633510,6323,1530,4.1,365,471
"SOUTHEAST CENTER (CLEVELAND, OH)",CLEVELAND,11329,71603531,6320,1335,4.7,252,472
"NORTH EAST MEDICAL SERVICES (SAN FRANCISCO, CA)",SAN FRANCISCO,28978,182923992,6313,1517,4.2,142,473
"GERALD FAMILY CARE (WASHINGTON, DC)",WASHINGTON DC,1105,6936841,6278,1451,4.3,685,474
"MISSION AREA HEALTH ASSOCIATES (SAN FRANCISCO, CA)",SAN FRANCISCO,5334,33479797,6277,1507,4.2,322,475
"MAIN STREET CLINIC (NASHVILLE, TN)",NASHVILLE,2670,16741832,6270,1744,3.6,433,476
"STRATEGIC WELLNESS INC (SAN FRANCISCO, CA)",SAN FRANCISCO,6059,37989513,6270,1511,4.2,318,477
"PARK VIEW REHAB CENTER (CHICAGO, IL)",CHICAGO,1465,9168703,6259,3206,2.0,610,478
"COLLINWOOD CENTER (CLEVELAND, OH)",CLEVELAND,14110,88291528,6257,1384,4.5,237,479
"NEIGHBORHOOD FAMILY PRACTICE (CLEVELAND, OH)",CLEVELAND,30426,189998186,6245,1307,4.8,137,480
"NORTHWESTERN CENTER (BEREA, OH)",CLEVELAND,1108,6912536,6239,2400,2.6,688,481
"COMPREHENSIVE HOME CARE INC. (CHICAGO, IL)",CHICAGO,1033,6433129,6228,2753,2.3,700,482
"BOOKER FAMILY HEALTH CENTER (CHICAGO, IL)",CHICAGO,1353,8418075,6222,2391,2.6,634,483
"AVENUE CARE AND REHABILITATION CENTER  THE (WARRENSVILLE HEIGHTS, OH)",CLEVELAND,2578,16026553,6217,2695,2.3,445,484
"LEONARD FLORENCE CENTER FOR LIVING (CHELSEA, MA)",BOSTON,1068,6623349,6202,3229,1.9,699,485
"BODY CONNECT HEALTH AND WELLNESS  LLC (WASHINGTON, DC)",WASHINGTON DC,3446,21311060,6184,1421,4.4,388,486
"MARIN CITY HEALTH AND WELLNESS CENTER (SAN FRANCISCO, CA)",SAN FRANCISCO,2033,12551362,6174,1494,4.1,518,487
"MARIN CITY HEALTH AND WELLNESS CENTER (SAUSALITO, CA)",SAN FRANCISCO,2155,13274951,6160,1486,4.1,499,488
"CAMBRIDGE REHABILITATION & NURSING CENTER (CAMBRIDGE, MA)",BOSTON,2488,15309454,6153,3310,1.9,464,489
"RS DAVIS HEALTH & WELLNESS LLC (WASHINGTON, DC)",WASHINGTON DC,1299,7980435,6144,1437,4.3,650,490
"PARKSIDE FAMILY MEDICAL GROUP APC (SAN FRANCISCO, CA)",SAN FRANCISCO,2141,13140708,6138,1494,4.1,500,491
"APPLE HOME HEALTHCARE (CHICAGO, IL)",CHICAGO,1632,10008849,6133,2880,2.1,586,492
"FOXHALL INTERNISTS PC (WASHINGTON, DC)",WASHINGTON DC,1374,8422514,6130,1439,4.3,633,493
"COMMUNITYCARE - MANOR (MANOR, TX)",AUSTIN,1723,10558370,6128,2235,2.7,575,494
"GLC WELLNESS CENTER CHICAGO (CHICAGO, IL)",CHICAGO,1040,6360806,6116,1362,4.5,703,495
"SUPERIOR CENTER (CLEVELAND, OH)",CLEVELAND,6560,40090245,6111,1688,3.6,308,496
"OPTION CARE (ITASCA, IL)",CHICAGO,1134,6904719,6089,2726,2.2,690,497
"ESPERANZA HOME HEALTH CARE  INC (ELMWOOD PARK, IL)",CHICAGO,1290,7791941,6040,2677,2.3,660,498
"HEALTHY HEARTS & WELLNESS LLC (CHICAGO, IL)",CHICAGO,2438,14706547,6032,1333,4.5,474,499
"EVANSTON ROGERS PARK FAMILY HEALTH CENTER (CHICAGO, IL)",CHICAGO,2449,14764641,6029,1370,4.4,473,500
"C C HOME HEALTH CENTRAL INC (AUSTIN, TX)",AUSTIN,1194,7166649,6002,2422,2.5,679,501
"PATRIOT URGENT CARE PROFESSIONALS PC (WALTHAM, MA)",BOSTON,2678,16070659,6001,1127,5.3,444,502
"UNITY HEALTH CARE INC (WASHINGTON, DC)",WASHINGTON DC,18287,109716025,6000,1402,4.3,202,503
"PRECISION IMMEDIATE CARE AND MEDICAL CENTER LLC (STONE PARK, IL)",CHICAGO,2700,16195480,5998,1345,4.5,442,504
"MISSION NEIGHBORHOOD HEALTH CENTER (SAN FRANCISCO, CA)",SAN FRANCISCO,1411,8460878,5996,1464,4.1,632,505
"MEDSTAR GEORGETOWN MEDICAL CENTER  INC (WASHINGTON, DC)",WASHINGTON DC,5316,31764757,5975,1392,4.3,332,506
"JENCARE NEIGHBORHOOD MEDICAL CENTER EVERGREEN PARK LLC (CHICAGO, IL)",CHICAGO,2037,12166592,5973,1346,4.4,526,507
"PHYSICIANS PREFERRED HOME CARE  INC (CHICAGO, IL)",CHICAGO,2616,15619264,5971,2459,2.4,459,508
"CHICAGO FAMILY HEALTH CENTER INC (CHICAGO, IL)",CHICAGO,1043,6221019,5965,1295,4.6,704,509
"RX HOME HEALTHCARE  INC (CLEVELAND, OH)",CLEVELAND,3645,21729814,5962,1591,3.7,383,510
"ASIAN AND PACIFIC ISLANDER WELLNESS CENTER  INC. (SAN FRANCISCO, CA)",SAN FRANCISCO,1214,7232133,5957,1432,4.2,675,511
"DIMOCK COMMUNITY HEALTH CENTER  INC (ROXBURY, MA)",BOSTON,2363,14074575,5956,1760,3.4,484,512
"HIGHLAND POINTE HEALTH & REHAB CENTER (HIGHLAND HEIGHTS, OH)",CLEVELAND,1069,6361993,5951,2207,2.7,702,513
"SOME INC (WASHINGTON, DC)",WASHINGTON DC,1525,9065507,5945,1389,4.3,615,514
"CAPITAL INTERNAL MEDICINE & GERIATRICS LLC (WASHINGTON, DC)",WASHINGTON DC,1879,11169389,5944,1377,4.3,554,515
"BEREA CENTER (BEREA, OH)",CLEVELAND,3109,18457097,5937,2382,2.5,410,516
"FAMILY ELDERCARE  INC. (AUSTIN, TX)",AUSTIN,1620,9616781,5936,1329,4.5,593,517
"MARYS CENTER FOR MATERNAL & CHILD CARE (WASHINGTON, DC)",WASHINGTON DC,1477,8764220,5934,1407,4.2,622,518
"ACCESS COMMUNITY HEALTH NETWORK (CHICAGO, IL)",CHICAGO,3519,20862815,5929,1303,4.6,392,519
"CAPITOL HILL COMMUNITY HEALTH CENTER (WASHINGTON, DC)",WASHINGTON DC,1332,7882389,5918,1375,4.3,655,520
"PREMIER PRIMARY CARE AND ALTERNATIVE MEDICINE (CHICAGO, IL)",CHICAGO,1595,9431369,5913,1313,4.5,597,521
"PRESTIGE HEALTHCARE RESOURCES INC (WASHINGTON, DC)",WASHINGTON DC,1155,6829536,5913,1379,4.3,692,522
"KIMBALL MEDICAL CENTER SC (CHICAGO, IL)",CHICAGO,2458,14511164,5904,1296,4.6,476,523
"JNN INTERNAL MEDICINE  SC (DES PLAINES, IL)",CHICAGO,2153,12703581,5900,1293,4.6,514,524
"WELLMAX MEDICAL CENTER INC (CHICAGO, IL)",CHICAGO,1669,9844959,5899,1341,4.4,588,525
"RECUPERATIVE SERVICES UNIT-HEBREW REHAB CENTER (ROSLINDALE, MA)",BOSTON,1395,8214463,5889,3050,1.9,643,526
"POWERS FAMILY WELLNESS PLLC (AUSTIN, TX)",AUSTIN,1409,8294454,5887,1343,4.4,640,527
"ENDEAVOR CLINICAL HEALTHCARE SERVICES (CHICAGO, IL)",CHICAGO,1770,10416819,5885,1327,4.4,577,528
"WATERFORD CARE CENTER  THE (CHICAGO, IL)",CHICAGO,1396,8214543,5884,2815,2.1,642,529
"PRUDENT ALLIANCE FOR HEALTHCARE LLC (CHICAGO, IL)",CHICAGO,1765,10370139,5875,1309,4.5,578,530
"PRESENCE RESURRECTION MEDICAL CENTER (CHICAGO, IL)",CHICAGO,2103,12350917,5873,1320,4.5,523,531
"PRIMECARE FAMILY PHYSICIANS  LTD (CHICAGO, IL)",CHICAGO,4242,24856840,5860,1310,4.5,362,532
"EAST CLEVELAND HEALTH CENTER (EAST CLEVELAND, OH)",CLEVELAND,5505,32224508,5854,1721,3.4,329,533
"HEARTLAND INTERNATIONAL HEALTH CENTER (CHICAGO, IL)",CHICAGO,7470,43710163,5851,1303,4.5,299,534
"KHUDEIRA MEDICAL CENTER INC (CHICAGO, IL)",CHICAGO,1333,7799521,5851,1287,4.5,659,535
"DOWNTOWN MEDICAL CLINIC (NASHVILLE, TN)",NASHVILLE,1987,11607719,5842,1836,3.2,542,536
"MEDICAL CARE SERVICES LLC (CHICAGO, IL)",CHICAGO,1168,6823039,5842,1306,4.5,693,537
"PRIMARY CARE AT HOME (WASHINGTON, DC)",WASHINGTON DC,1372,8014446,5841,1370,4.3,648,538
"SA PADUA MEDICAL CENTER  LLC (BLUE ISLAND, IL)",CHICAGO,1178,6875949,5837,1283,4.5,691,539
"NEW LIVING HEALTHCARE SERVICES LLC (WASHINGTON, DC)",WASHINGTON DC,1547,9019215,5830,1363,4.3,618,540
"DELTA HEALTHCARE INC (CHICAGO, IL)",CHICAGO,1462,8521110,5828,1277,4.6,629,541
"KOOSHA MEDICAL CENTER P C (CHICAGO, IL)",CHICAGO,1567,9124878,5823,1302,4.5,612,542
"SOUTH COVE COMMUNITY HEALTH CENTER  INC (BOSTON, MA)",BOSTON,1660,9664685,5822,2486,2.3,591,543
"WILKES WELLNESS SERVICES INC (CHICAGO, IL)",CHICAGO,1363,7930505,5818,1286,4.5,651,544
"HEALTHWISE MEDICAL CLINIC LLC (CHICAGO, IL)",CHICAGO,1474,8559018,5807,1288,4.5,628,545
"INFORME HEALTHCARE IL LLC (CHICAGO, IL)",CHICAGO,1447,8402103,5807,1292,4.5,635,546
"INNER-CITY MUSLIM ACTION NETWORK (CHICAGO, IL)",CHICAGO,1194,6928068,5802,1315,4.4,686,547
"NORWOOD CENTER (CLEVELAND, OH)",CLEVELAND,4664,26954250,5779,1394,4.1,351,548
"ERIE FAMILY HEALTH CENTER INC (CHICAGO, IL)",CHICAGO,5738,33136205,5775,1285,4.5,325,549
"NEAR NORTH HEALTH SERVICE CORPORATION (CHICAGO, IL)",CHICAGO,4556,26296786,5772,1298,4.4,354,550
"CENTRAL TEXAS COMMUNITY HEALTH CENTERS (BUDA, TX)",AUSTIN,1688,9741672,5771,1319,4.4,590,551
"VIRGINIA PARK INTERNAL MEDICINE PC (DETROIT, MI)",DETROIT,1260,7264532,5766,1261,4.6,674,552
"HEALTHY CHICAGO PRIMARY CARE PLLC (CHICAGO, IL)",CHICAGO,2449,14109878,5761,1278,4.5,482,553
"NORTH SIDE CHRISTIAN HEALTH CENTER (PITTSBURGH, PA)",PITTSBURGH,1937,11156357,5760,1301,4.4,555,554
"SPECIALIZED HEALTHCARE SERVICES INC (CHICAGO, IL)",CHICAGO,1628,9375001,5759,1251,4.6,600,555
"HIGHER GROUND WELLNESS GROUP LTD (CHICAGO, IL)",CHICAGO,3076,17708478,5757,1286,4.5,421,556
"VANGUARD FAMILY HEALTH CARE PC (DETROIT, MI)",DETROIT,1359,7823643,5757,1283,4.5,657,557
"HOWARD BROWN HEALTH CENTER (CHICAGO, IL)",CHICAGO,10196,58648198,5752,1285,4.5,270,558
"ALPHA AND OMEGA PRIMARY HEALTH CARE INC (DETROIT, MI)",DETROIT,1454,8356117,5747,1250,4.6,638,559
"ESPERANZA HEALTH CENTERS (CHICAGO, IL)",CHICAGO,2841,16309827,5741,1268,4.5,439,560
"MAASAL MEDICAL CENTER INC (CHICAGO, IL)",CHICAGO,1170,6698198,5725,1300,4.4,696,561
"FRIEND FAMILY HEALTH CENTER INC (CHICAGO, IL)",CHICAGO,5328,30477164,5720,1284,4.5,335,562
"HAMDARD CENTER FOR HEALTH AND HUMAN SERVICES  NFP (BENSENVILLE, IL)",CHICAGO,1367,7815434,5717,1253,4.6,658,563
"EQUILIBRIUM HEALTH AND WELLNESS LLC (CHICAGO, IL)",CHICAGO,2689,15368980,5716,1260,4.5,461,564
"CARDIO CARE INC. (CHICAGO, IL)",CHICAGO,1565,8925974,5703,2766,2.1,619,565
"PARMA CARE CENTER (PARMA, OH)",CLEVELAND,2567,14625909,5698,2527,2.3,475,566
"SEASONS OF CARE HEALTH SERVICES  LLC (MIDDLEBURG HEIGHTS, OH)",CLEVELAND,2297,13085077,5697,2153,2.6,504,567
"RIVER CITY WELLNESS (AUSTIN, TX)",AUSTIN,1923,10942181,5690,1280,4.4,562,568
"YIGAZU WELLNESS CLINIC S C (CHICAGO, IL)",CHICAGO,2691,15310311,5689,1266,4.5,463,569
"INTEGRATED HEALTH & WELLNESS CENTER LLC (REDFORD, MI)",DETROIT,2132,12124379,5687,1263,4.5,528,570
"FREEMAN MEDICAL CLINIC  PLLC (AUSTIN, TX)",AUSTIN,1255,7128517,5680,1303,4.4,682,571
"HEARTLAND ALLIANCE HEALTH (CHICAGO, IL)",CHICAGO,1593,9048359,5680,1275,4.5,616,572
"ALIVIO MEDICAL CENTER INC. (CHICAGO, IL)",CHICAGO,1726,9789094,5672,1260,4.5,589,573
"UNIVERSITY ASSOCIATES IN INTERNAL MEDICINE SC (CHICAGO, IL)",CHICAGO,6762,38303342,5664,1268,4.5,315,574
"ATTUNED PRIMARY CARE LLC (ROSEMONT, IL)",CHICAGO,5274,29856619,5661,1259,4.5,340,575
"ASSOCIATES HOME HEALTH  INC (DES PLAINES, IL)",CHICAGO,2423,13712063,5659,2672,2.1,491,576
"COVENANT COMMUNITY CARE  INC. (DETROIT, MI)",DETROIT,1621,9170327,5657,1224,4.6,609,577
"LAWNDALE CHRISTIAN HEALTH CENTER (CHICAGO, IL)",CHICAGO,3415,19316882,5656,1252,4.5,403,578
"AMEDISYS HOME HEALTH (NASHVILLE, TN)",NASHVILLE,1821,10298590,5655,1886,3.0,580,579
"FAMILY DOCTORS-FAMILY HEALTH CARE S.C. (CHICAGO, IL)",CHICAGO,1402,7924819,5653,1241,4.6,652,580
"PRIMECARE COMMUNITY HEALTH  INC. (CHICAGO, IL)",CHICAGO,3533,19967022,5652,1277,4.4,396,581
"CARNEGIE HEALTH & WELLNESS CENTER (CARNEGIE, PA)",PITTSBURGH,1353,7645588,5651,1292,4.4,664,582
"ALLERGY & IMMUNOLOGY MEDICAL CENTER LLC (AUSTIN, TX)",AUSTIN,3049,17227634,5650,1288,4.4,427,583
"CRESTMONT NORTH NURSING HOME (LAKEWOOD, OH)",CLEVELAND,6761,38193681,5649,2233,2.5,317,584
"LYNN URGENT CARE LLC (LYNN, MA)",BOSTON,5123,28937115,5648,1066,5.3,342,585
"REGENERATE AUSTIN WELLNESS PLLC (WEST LAKE HILLS, TX)",AUSTIN,2290,12923840,5644,1299,4.3,507,586
"FAMILY CARE PARTNERS INC (CHICAGO, IL)",CHICAGO,1041,5874897,5644,1262,4.5,711,587
"LONE STAR CIRCLE OF CARE (CEDAR PARK, TX)",AUSTIN,1030,5810026,5641,1277,4.4,718,588
"WINNEBAGO TRIBE OF NEBRASKA (WINNEBAGO, TX)",AUSTIN,1885,10628678,5639,1283,4.4,572,589
"HOLY FAMILY HOME HEALTH CARE (PARMA, OH)",CLEVELAND,2493,14056168,5638,2118,2.7,485,590
"PROPER BALANCE HEALTHCARE (CHICAGO, IL)",CHICAGO,1426,8028433,5630,1265,4.4,647,591
"CENTRAL TEXAS COMMUNITY HEALTH CENTERS (AUSTIN, TX)",AUSTIN,8526,47993177,5629,1291,4.4,291,592
"BODY WORKS HEALTH & WELLNESS LLC (CHICAGO, IL)",CHICAGO,1036,5827856,5625,1226,4.6,717,593
"WELSH HOME THE (ROCKY RIVER, OH)",CLEVELAND,2804,15769369,5624,2379,2.4,452,594
"DETROIT HEALTH CARE FOR THE HOMELESS (DETROIT, MI)",DETROIT,3862,21706810,5621,1238,4.5,385,595
"LONE STAR CIRCLE OF CARE (ROUND ROCK, TX)",AUSTIN,2183,12263033,5618,1288,4.4,524,596
"NORTH AUSTIN FAMILY MEDICINE  PA (AUSTIN, TX)",AUSTIN,1937,10859826,5607,1280,4.4,564,597
"PCC COMMUNITY WELLNESS CENTER (CHICAGO, IL)",CHICAGO,2804,15711762,5603,1241,4.5,454,598
"TEXAS MEDICAL WELLNESS CENTER PLLC (AUSTIN, TX)",AUSTIN,4038,22586141,5593,1271,4.4,378,599
"620 WELLNESS CENTER (LAKEWAY, TX)",AUSTIN,5066,28324301,5591,1291,4.3,346,600
"NGU MD. WELLNESS LTD. (CHICAGO, IL)",CHICAGO,5114,28578272,5588,1256,4.4,345,601
"WEST SUBURBAN FAMILY PRACTICE ASSOCIATES LTD. (ELMWOOD PARK, IL)",CHICAGO,1496,8350736,5582,1263,4.4,639,602
"SHEILA SHUNG MD PLLC INTERNAL MEDICINE (AUSTIN, TX)",AUSTIN,1029,5743794,5582,1281,4.4,720,603
"HIGHLAND PARK MEDICAL CENTER  PLLC (HIGHLAND PARK, MI)",DETROIT,1097,6118517,5577,1200,4.6,705,604
"HALLMARK HEALTH URGENT CARE PHYSICIANS LLC (READING, MA)",BOSTON,1457,8122091,5575,1013,5.5,645,605
"VNA HEALTH CARE (BENSENVILLE, IL)",CHICAGO,3645,20264094,5559,1251,4.4,394,606
"LONE STAR CIRCLE OF CARE (JONESTOWN, TX)",AUSTIN,1067,5923230,5551,1246,4.5,710,607
"FAMILY WINGS CONSULTING  LLC (MANCHACA, TX)",AUSTIN,2300,12759685,5548,1277,4.3,513,608
"KATZMAN FAMILY CENTER FOR LIVING (CHELSEA, MA)",BOSTON,1440,7982202,5543,2976,1.9,649,609
"SENIOR ADULTS SPECIALTY HEALTHCARE PA (AUSTIN, TX)",AUSTIN,1451,8040244,5541,1277,4.3,646,610
"BROOKDALE HOME HEALTH CLEVELAND (BROOKLYN HEIGHTS, OH)",CLEVELAND,4976,27494612,5525,1848,3.0,349,611
"GLC WELLNESS CENTER AUSTIN (DEL VALLE, TX)",AUSTIN,3809,21042943,5525,1258,4.4,390,612
"GOLD COAST WELLNESS CENTER LTD. (CHICAGO, IL)",CHICAGO,2834,15655586,5524,1230,4.5,456,613
"SPS FAMILY CARE  S.C. (CHICAGO, IL)",CHICAGO,1018,5617699,5518,1200,4.6,722,614
"NORTH PENN COMPREHENSIVE HEALTH SERVICES (LAWRENCEVILLE, PA)",PITTSBURGH,1545,8490190,5495,1225,4.5,630,615
"FAMILYLINKS  INC (PITTSBURGH, PA)",PITTSBURGH,1384,7585514,5481,1224,4.5,669,616
"INSTITUTE FOR POPULATION HEALTH INC. (DETROIT, MI)",DETROIT,2517,13789305,5478,1211,4.5,490,617
"WILKES WELLNESS SERVICES LLC (CHICAGO, IL)",CHICAGO,1431,7833779,5474,1248,4.4,656,618
"DETROIT COMMUNITY HEALTH CONNECTION  INC (DETROIT, MI)",DETROIT,1715,9382175,5471,1211,4.5,599,619
"ELMWOOD PARK MEDICAL CLINIC PC (DETROIT, MI)",DETROIT,1870,10225817,5468,1191,4.6,583,620
"BRIGHTON PRIMARY CARE L L C (DETROIT, MI)",DETROIT,1660,9076937,5468,1206,4.5,614,621
"HEALTH CENTERS DETROIT FOUNDATION INC (DETROIT, MI)",DETROIT,1073,5866952,5468,1173,4.7,713,622
"PEOPLES COMMUNITY CLINIC INC (AUSTIN, TX)",AUSTIN,5869,32059917,5463,1254,4.4,330,623
"AFFAS INTERNAL MEDICINE PLLC (DETROIT, MI)",DETROIT,1266,6905089,5454,1195,4.6,689,624
"MATTAPAN COMMUNITY HEALTH CENTER (MATTAPAN, MA)",BOSTON,1891,10302885,5448,2252,2.4,579,625
"STO-ROX NEIGHBORHOOD HEALTH COUNCIL  INC. (PITTSBURGH, PA)",PITTSBURGH,1238,6730110,5436,1200,4.5,694,626
"LONE STAR CIRCLE OF CARE (AUSTIN, TX)",AUSTIN,1082,5874406,5429,1229,4.4,712,627
"LOPEZ WELLNESS CENTER LLC (AUSTIN, TX)",AUSTIN,2166,11759307,5429,1245,4.4,537,628
"MIDTOWN MEDICAL CENTER (CHICAGO, IL)",CHICAGO,1182,6410430,5423,1218,4.5,701,629
"SUSAN RICE DO FRANK LANZILOTE DO FAMILY PRACTICE PC (DETROIT, MI)",DETROIT,1836,9950005,5419,1195,4.5,587,630
"ALSAN MEDICAL CLINIC PC (DETROIT, MI)",DETROIT,1594,8625843,5411,1210,4.5,624,631
"UNIVERSITY HOSPITAL HOME CARE SERVICES  INC (WARRENSVILLE HEIGHTS, OH)",CLEVELAND,1375,7403669,5384,1983,2.7,672,632
"OUTREACH HOME HEALTH SERVICES (CLEVELAND, OH)",CLEVELAND,5386,28901969,5366,2165,2.5,343,633
"PEFHA HEALTH & WELLNESS CENTER (PITTSBURGH, PA)",PITTSBURGH,1304,6996153,5365,1223,4.4,684,634
"EAGLE HOME HEALTHCARE (CLEVELAND, OH)",CLEVELAND,4487,23962910,5341,2073,2.6,370,635
"COMMUNITY HEALTH AND SOCIAL SERVICES CENTER  INC (DETROIT, MI)",DETROIT,2255,12041457,5340,1186,4.5,530,636
"COMMUNITY HEALTH CENTERS INC. (WEST VALLEY CITY, UT)",SALT LAKE CITY,2071,11037734,5330,1177,4.5,558,637
"OTERO MEDICAL CENTER SC (CHICAGO, IL)",CHICAGO,1048,5549334,5295,1195,4.4,725,638
"CARECENTRAL URGENT CARE MEDICAL GROUP PC (STOUGHTON, MA)",BOSTON,1441,7623228,5290,1097,4.8,666,639
"WILLCARE (EUCLID, OH)",CLEVELAND,3680,19459849,5288,2253,2.3,402,640
"FAMILY HEALTH CENTER OF ASHLAND CITY  PLLC (ASHLAND CITY, TN)",NASHVILLE,2219,11663387,5256,1184,4.4,539,641
"WILLOWS HEALTH AND REHAB CTR (EUCLID, OH)",CLEVELAND,7354,38507995,5236,2254,2.3,313,642
"PROTEM HOMECARE (SHAKER HEIGHTS, OH)",CLEVELAND,5666,29659244,5235,2156,2.4,341,643
"WISEMAN FAMILY PRACTICE PLLC (CEDAR PARK, TX)",AUSTIN,1324,6925482,5231,1191,4.4,687,644
"CHELSEA JEWISH VISITING NURSE AGENCY (CHELSEA, MA)",BOSTON,1032,5360347,5194,2455,2.1,728,645
"NOVO HEALTHCARE  LLC (MADISON, TN)",NASHVILLE,1075,5573623,5185,1161,4.5,723,646
"DREAS HEALTHCARE SERVICES LLC (NORTH OLMSTED, OH)",CLEVELAND,1007,5209373,5173,1173,4.4,730,647
"EAST-WEST FAMILY CARE PC (NASHVILLE, TN)",NASHVILLE,1850,9532751,5153,1149,4.5,595,648
"CLARK FAMILY PRACTICE  PLLC (NASHVILLE, TN)",NASHVILLE,1410,7204444,5110,1172,4.4,677,649
"LIHAI MEDICAL CLINIC INC (SALT LAKE CITY, UT)",SALT LAKE CITY,2752,14056104,5108,1128,4.5,486,650
"PRO HEALTH COLUMBIA (FRANKLIN, TN)",NASHVILLE,1650,8400501,5091,1159,4.4,636,651
"SOUTHSIDE WELLNESS CENTER LTD (PARMA, OH)",CLEVELAND,6427,32720440,5091,1142,4.5,326,652
"JEWISH FAMILY SERVICE ASSOCIATION (PEPPER PIKE, OH)",CLEVELAND,1157,5862284,5067,1092,4.6,714,653
"SUMMIT PRIMARY CARE (HERMITAGE, TN)",NASHVILLE,1116,5648939,5062,1154,4.4,721,654
"AGE OF WELLNESS LLC (BEACHWOOD, OH)",CLEVELAND,1844,9315959,5052,1118,4.5,603,655
"JEWISH FAMILY SERVICE (NASHVILLE, TN)",NASHVILLE,1822,9176750,5037,1131,4.5,608,656
"ALANA HEALTHCARE INFUSION CENTERS  LLC (NASHVILLE, TN)",NASHVILLE,1459,7340424,5031,1159,4.3,673,657
"EVOLUTIONARY HEALTHCARE LLC (SALT LAKE CITY, UT)",SALT LAKE CITY,2885,14484284,5021,1105,4.5,477,658
"GRACE-FULL HEALTHCARE (NASHVILLE, TN)",NASHVILLE,2531,12674856,5008,1138,4.4,515,659
"UNIVERSITY COMMUNITY HEALTH SERVICES  INC (NASHVILLE, TN)",NASHVILLE,1847,9217489,4991,1119,4.5,607,660
"IPC PAC HEALTHCARE SERVICES OF TENNESSEE PC (WHITES CREEK, TN)",NASHVILLE,3421,17061222,4987,1121,4.5,429,661
"HARMONY FAMILY HEALTH CARE COMPANY (NASHVILLE, TN)",NASHVILLE,2062,10268983,4980,1145,4.4,581,662
"HEALTH SPHERE WELLNESS CENTER LLC (NASHVILLE, TN)",NASHVILLE,1203,5984101,4974,1107,4.5,707,663
"ASPIRE WELLNESS LLC (KINSMAN, OH)",CLEVELAND,8364,41605174,4974,1121,4.4,305,664
"CONTINUUM HEALTHCARE GROUP (STRONGSVILLE, OH)",CLEVELAND,1110,5519788,4973,1122,4.4,726,665
"WELLNESSONE OF BEDFORD  LLC (WARRENSVILLE HTS, OH)",CLEVELAND,2609,12970283,4971,1106,4.5,505,666
"URBAN INDIAN CENTER OF SALT LAKE (SALT LAKE CITY, UT)",SALT LAKE CITY,1157,5747880,4968,1108,4.5,719,667
"WATSON PRIMARY CARE  PLLC (NASHVILLE, TN)",NASHVILLE,1533,7611523,4965,1138,4.4,667,668
"MANET COMMUNITY HEALTH CENTER  INC. (QUINCY, MA)",BOSTON,1199,5951897,4964,1173,4.2,708,669
"SMARTQUEST HEALTHCARE LLC (GARFIELD HTS, OH)",CLEVELAND,3218,15971250,4963,1120,4.4,447,670
"PERSONAL PHYSICIANS HEALTHCARE PC (CHESTNUT HILL, MA)",BOSTON,1124,5570690,4956,1170,4.2,724,671
"WASATCH PRIMARY CARE PLLC (SALT LAKE CITY, UT)",SALT LAKE CITY,1111,5496949,4948,1088,4.5,727,672
"MATTHEW WALKER COMPREHENSIVE HEALTH CENTER  INC (NASHVILLE, TN)",NASHVILLE,1548,7654289,4945,1129,4.4,663,673
"UNITED NEIGHBORHOOD HEALTH SERVICES  INC (NASHVILLE, TN)",NASHVILLE,6447,31871408,4944,1125,4.4,331,674
"BROWN MEDICAL CENTER  INC. (EAST CLEVELAND, OH)",CLEVELAND,1850,9138315,4940,1089,4.5,611,675
"NASHVILLE PRIMARY CARE PLLC. (NASHVILLE, TN)",NASHVILLE,1349,6661186,4938,1118,4.4,698,676
"RIDGEPARK FAMILY PRACTICE (PARMA, OH)",CLEVELAND,10814,53319421,4931,1105,4.5,281,677
"FAMILY MEDICINE & OCCUPATIONAL HEALTH CENTER  INC. (SHAKER HTS, OH)",CLEVELAND,9853,48572821,4930,1100,4.5,289,678
"W R HEALTH CARE MANAGEMENT LLC (LYNDHURST, OH)",CLEVELAND,3008,14825426,4929,1095,4.5,471,679
"NEURO HEALTH AND WELLNESS LLC (WARRENSVILLE HEIGHTS, OH)",CLEVELAND,2611,12838993,4917,1094,4.5,511,680
"FAMILY GUIDANCE CENTER INC (EUCLID, OH)",CLEVELAND,6618,32540437,4917,1106,4.4,327,681
"VITALITY WELLNESS  PLLC (NASHVILLE, TN)",NASHVILLE,1760,8653709,4917,1128,4.4,623,682
"RIVER FAMILY MEDICINE LLC (EUCLID, OH)",CLEVELAND,4697,23094117,4917,1102,4.5,373,683
"KC CENTER FOR HEALTH AND WELLNESS LLC (CLEVELAND, OH)",CLEVELAND,8596,42259417,4916,1107,4.4,304,684
"DIAMONDS & PEARLS HEALTH SERVICES LLC (BEACHWOOD, OH)",CLEVELAND,3074,15103884,4913,2278,2.2,469,685
"GLTCP HEALTH CARE SERVICES INC (WALTON HILLS, OH)",CLEVELAND,1967,9664135,4913,1097,4.5,592,686
"CIRCLE HEALTH SERVICES (PARMA, OH)",CLEVELAND,8705,42750147,4911,1110,4.4,301,687
"TORRENCE HANDS HEALTHCARE LLC (LAKEWOOD, OH)",CLEVELAND,2521,12373481,4908,1094,4.5,521,688
"NORTHEAST OHIO NEIGHBORHOOD HEALTH SERVICES  INC. (CLEVELAND, OH)",CLEVELAND,20734,101757130,4908,1096,4.5,217,689
"WASHINGTON WELLNESS INSTITUTE LLC (CLEVELAND, OH)",CLEVELAND,14891,73026897,4904,1102,4.5,250,690
"HOUGH CENTER (CLEVELAND, OH)",CLEVELAND,10344,50715514,4903,1088,4.5,284,691
"PROVIDENCE MEDICAL CLINIC LLC (GREENBRIER, TN)",NASHVILLE,1212,5938633,4900,1114,4.4,709,692
"HIGHLAND WELLNESS CENTER INC (HIGHLAND HTS, OH)",CLEVELAND,4121,20184454,4898,1105,4.4,395,693
"NEW LIFE MEDICAL CENTER (FAIRVIEW PARK, OH)",CLEVELAND,4041,19786681,4896,1091,4.5,398,694
"LIFE LINE COMMUNITY HEALTHCARE (INDEPENDENCE, OH)",CLEVELAND,11142,54487553,4890,1104,4.4,279,695
"INTERNAL MEDICINE GROUP INC (BEDFORD, OH)",CLEVELAND,2803,13703858,4889,1087,4.5,492,696
"ASIAN SERVICES IN ACTION INC (CLEVELAND, OH)",CLEVELAND,8141,39790621,4888,1099,4.4,309,697
"ASC WELLNESS LLC (MAYFIELD VILLAGE, OH)",CLEVELAND,2314,11301363,4884,1087,4.5,549,698
"ABCO MEDICAL CENTER  L.L.C. (LAKEWOOD, OH)",CLEVELAND,5044,24625462,4882,1097,4.5,366,699
"WHITES CREEK CLINIC (NASHVILLE, TN)",NASHVILLE,1200,5854125,4878,1082,4.5,715,700
"NORTH COAST FAMILY FOUNDATION (MIDDLEBURG HTS, OH)",CLEVELAND,13936,67975986,4878,1091,4.5,254,701
"WATSON PRIMARY CARE AND GENERAL ORTHOPAEDICS PLC (NASHVILLE, TN)",NASHVILLE,1562,7604499,4868,1112,4.4,668,702
"NEIGHBORHOOD HEALTH CARE INCORPORATED (CLEVELAND, OH)",CLEVELAND,27283,132336403,4851,1090,4.4,178,703
"COOPERATIVE MEDICAL HEALTH CARE CORPORATION PROFESSIONAL ASSOCIATION (BEREA, OH)",CLEVELAND,6880,33368820,4850,1085,4.5,324,704
"NORTHEAST OHIO NEIGHBORHOOD HEALTH SERVICES  INC. (EAST CLEVELAND, OH)",CLEVELAND,2477,11990153,4841,1079,4.5,533,705
"CIRCLE HEALTH SERVICES (CLEVELAND, OH)",CLEVELAND,20704,100204555,4840,1091,4.4,220,706
"COMPLETE WELLNESS CENTER LLC (MAYFIELD VILLAGE, OH)",CLEVELAND,2290,11076216,4837,1074,4.5,557,707
"CENTRAL OUTREACH WELLNESS CENTER (CLEVELAND HEIGHTS, OH)",CLEVELAND,11590,55954538,4828,1096,4.4,275,708
"PRECISION HEALTHCARE INC (NASHVILLE, TN)",NASHVILLE,1216,5847353,4809,1068,4.5,716,709
"SIGNATURE HEALTH  INC. (GARFIELD HEIGHTS, OH)",CLEVELAND,5249,25209044,4803,1091,4.4,361,710
"CLEVELAND HEALTH AND WELLNESS CENTER (ROCKY RIVER, OH)",CLEVELAND,3781,18131429,4795,1078,4.4,412,711
"FAMILY PODIATRY CENTER  P.C. (NASHVILLE, TN)",NASHVILLE,2675,12795721,4783,1098,4.4,512,712
"COMPREHENSIVE PRIMARY CARE (CLEVELAND, OH)",CLEVELAND,2747,13112502,4773,1075,4.4,502,713
"MEASURED WELLNESS LLC (BROOKLINE, MA)",BOSTON,1805,8612213,4771,1129,4.2,625,714
"SIGNATURE HEALTH  INC. (CLEVELAND, OH)",CLEVELAND,2996,14283828,4768,1084,4.4,481,715
"NEIGHBORHOOD HEALTH CARE INCORPORATED (LAKEWOOD, OH)",CLEVELAND,6294,29901435,4751,1070,4.4,339,716
"SPRY HEALTHCARE LLC (CLEVELAND, OH)",CLEVELAND,1536,7208596,4693,1056,4.4,676,717
"UPHAMS CORNER HEALTH COMMITTEE INC (DORCHESTER, MA)",BOSTON,2267,10631406,4690,1046,4.5,571,718
"AHAVA CENTER FOR HEALTH AND WELLNESS (BEACHWOOD, OH)",CLEVELAND,2293,10743348,4685,1057,4.4,568,719
"FENWAY COMMUNITY HEALTH CENTER  INC (BOSTON, MA)",BOSTON,3806,17789415,4674,1112,4.2,419,720
"HARBOR HEALTH SERVICES INC (DORCHESTER, MA)",BOSTON,5980,27713366,4634,1094,4.2,348,721
"BOSTON PAIN CLINIC & PRIMARY CARE PC (HYDE PARK, MA)",BOSTON,2018,9323697,4620,1085,4.3,602,722
"CHARLES RIVER COMMUNITY HEALTH  INC (ALLSTON, MA)",BOSTON,1311,6004824,4580,1074,4.3,706,723
"BOSTON HEALTH CARE FOR THE HOMELESS PROGRAM INC (BOSTON, MA)",BOSTON,5107,23263577,4555,1076,4.2,372,724
"WHITLEY WELLNESS LLC (CHARLESTOWN, MA)",BOSTON,5917,26825763,4534,1063,4.3,352,725
"BOSTON MEDICAL CENTER CORPORATION- (ROSLINDALE, MA)",BOSTON,2572,11650291,4530,1067,4.2,541,726
"SOUTH BOSTON COMMUNITY HEALTH CENTER INC (SOUTH BOSTON, MA)",BOSTON,4719,21263226,4506,1074,4.2,389,727
"ENGRACE HEALTHCARE PRACTICE LLC (BROOKLINE, MA)",BOSTON,1113,5014330,4505,1055,4.3,731,728
"NORTH END COMMUNITY HEALTH COMMITTEE INC (BOSTON, MA)",BOSTON,4950,22236954,4492,1068,4.2,381,729
"BOSTON HEALTH CARE FOR THE HOMELESS PROGRAM INC (JAMAICA PLAIN, MA)",BOSTON,1184,5253813,4437,1034,4.3,729,730
"DAVIS SQUARE FAMILY PRACTICE (SOMERVILLE, MA)",BOSTON,2623,11543640,4401,1033,4.3,543,731
