Grain,Pct Entities,Pct Spend
Conditions,1,39.81
Conditions,2,63.43
Conditions,3,74.12
Conditions,4,77.43
Conditions,5,80.11
Conditions,6,82.54
Conditions,7,83.63
Conditions,8,85.73
Conditions,9,87.77
Conditions,10,89.43
Conditions,11,90.78
Conditions,12,91.83
Conditions,13,92.73
Conditions,14,93.13
Conditions,15,93.88
Conditions,16,94.45
Conditions,17,94.91
Conditions,18,95.31
Conditions,19,95.72
Conditions,20,96.10
Conditions,21,96.28
Conditions,22,96.63
Conditions,23,96.95
Conditions,24,97.24
Conditions,25,97.51
Conditions,26,97.71
Conditions,27,97.80
Conditions,28,97.98
Conditions,29,98.14
Conditions,30,98.30
Conditions,31,98.45
Conditions,32,98.60
Conditions,33,98.73
Conditions,34,98.80
Conditions,35,98.91
Conditions,36,99.01
Conditions,37,99.10
Conditions,38,99.18
Conditions,39,99.25
Conditions,40,99.32
Conditions,41,99.35
Conditions,42,99.41
Conditions,43,99.47
Conditions,44,99.52
Conditions,45,99.57
Conditions,46,99.61
Conditions,47,99.63
Conditions,48,99.67
Conditions,49,99.71
Conditions,50,99.74
Conditions,51,99.78
Conditions,52,99.81
Conditions,53,99.84
Conditions,54,99.85
Conditions,55,99.87
Conditions,56,99.89
Conditions,57,99.91
Conditions,58,99.92
Conditions,59,99.93
Conditions,60,99.94
Conditions,61,99.94
Conditions,62,99.95
Conditions,63,99.96
Conditions,64,99.96
Conditions,65,99.96
Conditions,66,99.97
Conditions,67,99.97
Conditions,68,99.97
Conditions,69,99.97
Conditions,70,99.98
Conditions,71,99.98
Conditions,72,99.98
Conditions,73,99.98
Conditions,74,99.99
Conditions,75,99.99
Conditions,76,99.99
Conditions,77,99.99
Conditions,78,99.99
Conditions,79,99.99
Conditions,80,99.99
Conditions,81,100.00
Conditions,82,100.00
Conditions,83,100.00
Conditions,84,100.00
Conditions,85,100.00
Conditions,86,100.00
Conditions,87,100.00
Conditions,88,100.00
Conditions,89,100.00
Conditions,90,100.00
Conditions,91,100.00
Conditions,92,100.00
Conditions,93,100.00
Conditions,94,100.00
Conditions,95,100.00
Conditions,96,100.00
Conditions,97,100.00
Conditions,98,100.00
Conditions,99,100.00
Conditions,100,100.00
Organisations,1,32.49
Organisations,2,47.64
Organisations,3,58.12
Organisations,4,65.89
Organisations,5,71.62
Organisations,6,76.02
Organisations,7,79.54
Organisations,8,82.26
Organisations,9,84.37
Organisations,10,86.18
Organisations,11,87.72
Organisations,12,88.95
Organisations,13,89.93
Organisations,14,90.76
Organisations,15,91.48
Organisations,16,92.12
Organisations,17,92.71
Organisations,18,93.23
Organisations,19,93.69
Organisations,20,94.12
Organisations,21,94.51
Organisations,22,94.87
Organisations,23,95.21
Organisations,24,95.51
Organisations,25,95.79
Organisations,26,96.05
Organisations,27,96.28
Organisations,28,96.51
Organisations,29,96.72
Organisations,30,96.92
Organisations,31,97.11
Organisations,32,97.29
Organisations,33,97.46
Organisations,34,97.62
Organisations,35,97.77
Organisations,36,97.91
Organisations,37,98.04
Organisations,38,98.16
Organisations,39,98.28
Organisations,40,98.39
Organisations,41,98.49
Organisations,42,98.58
Organisations,43,98.67
Organisations,44,98.76
Organisations,45,98.84
Organisations,46,98.92
Organisations,47,98.99
Organisations,48,99.06
Organisations,49,99.13
Organisations,50,99.19
Organisations,51,99.25
Organisations,52,99.30
Organisations,53,99.35
Organisations,54,99.40
Organisations,55,99.45
Organisations,56,99.49
Organisations,57,99.53
Organisations,58,99.57
Organisations,59,99.60
Organisations,60,99.64
Organisations,61,99.67
Organisations,62,99.70
Organisations,63,99.72
Organisations,64,99.75
Organisations,65,99.77
Organisations,66,99.79
Organisations,67,99.81
Organisations,68,99.83
Organisations,69,99.84
Organisations,70,99.86
Organisations,71,99.87
Organisations,72,99.88
Organisations,73,99.89
Organisations,74,99.90
Organisations,75,99.91
Organisations,76,99.92
Organisations,77,99.93
Organisations,78,99.94
Organisations,79,99.95
Organisations,80,99.95
Organisations,81,99.96
Organisations,82,99.96
Organisations,83,99.97
Organisations,84,99.97
Organisations,85,99.98
Organisations,86,99.98
Organisations,87,99.98
Organisations,88,99.99
Organisations,89,99.99
Organisations,90,99.99
Organisations,91,99.99
Organisations,92,99.99
Organisations,93,100.00
Organisations,94,100.00
Organisations,95,100.00
Organisations,96,100.00
Organisations,97,100.00
Organisations,98,100.00
Organisations,99,100.00
Organisations,100,100.00
Patients,1,11.75
Patients,2,17.86
Patients,3,23.02
Patients,4,27.63
Patients,5,31.80
Patients,6,35.62
Patients,7,39.14
Patients,8,42.40
Patients,9,45.42
Patients,10,48.24
Patients,11,50.89
Patients,12,53.40
Patients,13,55.76
Patients,14,58.00
Patients,15,60.11
Patients,16,62.10
Patients,17,63.96
Patients,18,65.69
Patients,19,67.28
Patients,20,68.75
Patients,21,70.10
Patients,22,71.35
Patients,23,72.53
Patients,24,73.63
Patients,25,74.67
Patients,26,75.65
Patients,27,76.59
Patients,28,77.48
Patients,29,78.33
Patients,30,79.14
Patients,31,79.92
Patients,32,80.66
Patients,33,81.37
Patients,34,82.05
Patients,35,82.71
Patients,36,83.34
Patients,37,83.94
Patients,38,84.52
Patients,39,85.09
Patients,40,85.63
Patients,41,86.15
Patients,42,86.65
Patients,43,87.14
Patients,44,87.61
Patients,45,88.06
Patients,46,88.50
Patients,47,88.93
Patients,48,89.34
Patients,49,89.74
Patients,50,90.13
Patients,51,90.51
Patients,52,90.87
Patients,53,91.23
Patients,54,91.58
Patients,55,91.91
Patients,56,92.24
Patients,57,92.56
Patients,58,92.87
Patients,59,93.17
Patients,60,93.47
Patients,61,93.76
Patients,62,94.04
Patients,63,94.31
Patients,64,94.57
Patients,65,94.83
Patients,66,95.09
Patients,67,95.33
Patients,68,95.57
Patients,69,95.80
Patients,70,96.03
Patients,71,96.25
Patients,72,96.47
Patients,73,96.68
Patients,74,96.88
Patients,75,97.08
Patients,76,97.27
Patients,77,97.45
Patients,78,97.64
Patients,79,97.81
Patients,80,97.98
Patients,81,98.14
Patients,82,98.30
Patients,83,98.45
Patients,84,98.60
Patients,85,98.74
Patients,86,98.87
Patients,87,99.00
Patients,88,99.12
Patients,89,99.24
Patients,90,99.34
Patients,91,99.44
Patients,92,99.54
Patients,93,99.63
Patients,94,99.71
Patients,95,99.78
Patients,96,99.85
Patients,97,99.91
Patients,98,99.95
Patients,99,99.98
Patients,100,100.00
